LABEL,ID,TRACK_ID,QUALITY,POSITION_X,POSITION_Y,POSITION_Z,POSITION_T,FRAME,RADIUS,VISIBILITY,MANUAL_SPOT_COLOR,MEAN_INTENSITY_CH1,MEDIAN_INTENSITY_CH1,MIN_INTENSITY_CH1,MAX_INTENSITY_CH1,TOTAL_INTENSITY_CH1,STD_INTENSITY_CH1,CONTRAST_CH1,SNR_CH1,ELLIPSE_X0,ELLIPSE_Y0,ELLIPSE_MAJOR,ELLIPSE_MINOR,ELLIPSE_THETA,ELLIPSE_ASPECTRATIO,AREA,PERIMETER,CIRCULARITY,SOLIDITY,SHAPE_INDEX
Label,Spot ID,Track ID,Quality,X,Y,Z,T,Frame,Radius,Visibility,Manual spot color,Mean intensity ch1,Median intensity ch1,Min intensity ch1,Max intensity ch1,Sum intensity ch1,Std intensity ch1,Contrast ch1,Signal/Noise ratio ch1,Ellipse center x0,Ellipse center y0,Ellipse long axis,Ellipse short axis,Ellipse angle,Ellipse aspect ratio,Area,Perimeter,Circularity,Solidity,Shape index
Label,Spot ID,Track ID,Quality,X,Y,Z,T,Frame,R,Visibility,Spot color,Mean ch1,Median ch1,Min ch1,Max ch1,Sum ch1,Std ch1,Ctrst ch1,SNR ch1,El. x0,El. y0,El. long axis,El. sh. axis,El. angle,El. a.r.,Area,Perim.,Circ.,Solidity,Shape index
,,,(quality),(pixel),(pixel),(pixel),(frame),,(pixel),,,(counts),(counts),(counts),(counts),(counts),(counts),,,(pixel),(pixel),(pixel),(pixel),(radians),,(pixel^2),(pixel),,,
ID70657,70657,37,11.781425476074219,786.6002598262988,604.9094404366386,0.0,0.0,0,5.0,1,,103.75257731958763,94.0,62.0,175.0,10064.0,31.388038767390842,0.34276117274144313,1.6875535175222571,0.0,0.0,5.0,5.0,0.0,1.0,78.53981633974483,31.41592653589793,1.0,1.0,3.5449077018110318
ID71463,71463,37,10.232025146484375,784.3631630505621,610.0089888801494,0.0,1.0,1,5.0,1,,97.18556701030928,93.0,60.0,162.0,9427.0,25.165837416073273,0.31784601180431854,1.8628268189920765,0.0,0.0,5.0,5.0,0.0,1.0,78.53981633974483,31.41592653589793,1.0,1.0,3.5449077018110318
ID71009,71009,37,9.67388916015625,780.3890689053028,614.06836727609,0.0,2.0,2,5.0,1,,97.56701030927834,92.0,61.0,162.0,9464.0,23.604778478314707,0.30047425343986917,1.9100228823208683,0.0,0.0,5.0,5.0,0.0,1.0,78.53981633974483,31.41592653589793,1.0,1.0,3.5449077018110318
ID71217,71217,37,9.445915222167969,778.0205387299112,617.9306130175637,0.0,3.0,3,5.0,1,,96.10309278350516,88.0,54.0,160.0,9322.0,25.881333579146407,0.2893406149911182,1.6665657276844383,0.0,0.0,5.0,5.0,0.0,1.0,78.53981633974483,31.41592653589793,1.0,1.0,3.5449077018110318
ID71347,71347,37,9.138023376464844,776.9626264759736,622.167376216226,0.0,4.0,4,5.0,1,,96.42268041237114,92.0,52.0,153.0,9353.0,23.926029693771106,0.2745931221608555,1.736427450457665,0.0,0.0,5.0,5.0,0.0,1.0,78.53981633974483,31.41592653589793,1.0,1.0,3.5449077018110318
ID70778,70778,37,8.391670227050781,775.2207745064733,627.8147869999228,0.0,5.0,5,5.0,1,,90.11340206185567,85.0,49.0,139.0,8741.0,21.85600427068984,0.26354545356476333,1.7199399092617258,0.0,0.0,5.0,5.0,0.0,1.0,78.53981633974483,31.41592653589793,1.0,1.0,3.5449077018110318
ID71121,71121,37,8.699089050292969,773.6110457725208,633.5744243908478,0.0,6.0,6,5.0,1,,85.44329896907216,81.0,45.0,142.0,8288.0,23.53674833822144,0.3014453870336739,1.6816833872624766,0.0,0.0,5.0,5.0,0.0,1.0,78.53981633974483,31.41592653589793,1.0,1.0,3.5449077018110318
ID70898,70898,37,8.784461975097656,771.7963928862866,639.0401881270599,0.0,7.0,7,5.0,1,,89.74226804123711,83.0,57.0,159.0,8705.0,23.091880946249027,0.28907808378283695,1.7430252139916007,0.0,0.0,5.0,5.0,0.0,1.0,78.53981633974483,31.41592653589793,1.0,1.0,3.5449077018110318
ID71577,71577,37,9.526626586914062,769.7641437094716,642.2893531589124,0.0,8.0,8,5.0,1,,93.22680412371135,91.0,60.0,149.0,9043.0,23.756799533080688,0.3174229429366091,1.8910192534640442,0.0,0.0,5.0,5.0,0.0,1.0,78.53981633974483,31.41592653589793,1.0,1.0,3.5449077018110318
ID72049,72049,37,10.42242431640625,770.0380432969406,647.7546746767127,0.0,9.0,9,5.0,1,,97.24742268041237,86.0,61.0,172.0,9433.0,25.13920863902767,0.33316809649268986,1.9334590970448386,0.0,0.0,5.0,5.0,0.0,1.0,78.53981633974483,31.41592653589793,1.0,1.0,3.5449077018110318
ID71929,71929,37,10.237648010253906,768.5057314423362,651.5222255051781,0.0,10.0,10,5.0,1,,91.26804123711341,86.0,58.0,158.0,8853.0,24.692912049782255,0.35081852598425384,1.919826257957452,0.0,0.0,5.0,5.0,0.0,1.0,78.53981633974483,31.41592653589793,1.0,1.0,3.5449077018110318
ID72412,72412,37,10.165657043457031,768.6746284188779,655.265445549233,0.0,11.0,11,5.0,1,,88.94845360824742,79.0,46.0,145.0,8628.0,26.83257159918574,0.36155238961658387,1.760528177843392,0.0,0.0,5.0,5.0,0.0,1.0,78.53981633974483,31.41592653589793,1.0,1.0,3.5449077018110318
ID72167,72167,37,10.844093322753906,766.7465148912202,657.7489085851848,0.0,12.0,12,5.0,1,,91.08247422680412,80.0,52.0,161.0,8835.0,29.21317842711458,0.3699263393677214,1.6838524881760573,0.0,0.0,5.0,5.0,0.0,1.0,78.53981633974483,31.41592653589793,1.0,1.0,3.5449077018110318
ID71710,71710,37,10.050094604492188,765.5858365693152,663.7092481622266,0.0,13.0,13,5.0,1,,87.24742268041237,78.0,49.0,148.0,8463.0,24.93451044228788,0.35344408328743443,1.827520067348845,0.0,0.0,5.0,5.0,0.0,1.0,78.53981633974483,31.41592653589793,1.0,1.0,3.5449077018110318
ID71821,71821,37,10.6798095703125,764.6400285232345,667.0099455288288,0.0,14.0,14,5.0,1,,90.02061855670104,82.0,48.0,160.0,8732.0,26.16413710495218,0.3722684236636343,1.8667351376111192,0.0,0.0,5.0,5.0,0.0,1.0,78.53981633974483,31.41592653589793,1.0,1.0,3.5449077018110318
ID72293,72293,37,10.217979431152344,765.8415781259985,672.6803466098618,0.0,15.0,15,5.0,1,,92.61855670103093,84.0,54.0,159.0,8984.0,25.544260321942954,0.3350863057990599,1.8200445205082718,0.0,0.0,5.0,5.0,0.0,1.0,78.53981633974483,31.41592653589793,1.0,1.0,3.5449077018110318
ID72526,72526,37,9.440681457519531,764.1565521664304,676.8480889835395,0.0,16.0,16,5.0,1,,86.4639175257732,79.0,49.0,142.0,8387.0,22.632048559357745,0.3435442848817227,1.953762548409431,0.0,0.0,5.0,5.0,0.0,1.0,78.53981633974483,31.41592653589793,1.0,1.0,3.5449077018110318
ID72641,72641,37,10.741897583007812,763.8019516674726,680.3592315220194,0.0,17.0,17,5.0,1,,88.98969072164948,83.0,53.0,157.0,8632.0,24.76409314467927,0.378359988417223,1.9728306656744032,0.0,0.0,5.0,5.0,0.0,1.0,78.53981633974483,31.41592653589793,1.0,1.0,3.5449077018110318
ID72882,72882,37,9.770050048828125,761.9058777154355,683.5980027115827,0.0,18.0,18,5.0,1,,86.78350515463917,82.0,56.0,147.0,8418.0,21.5818339910964,0.3524841290133835,2.0959756112763324,0.0,0.0,5.0,5.0,0.0,1.0,78.53981633974483,31.41592653589793,1.0,1.0,3.5449077018110318
ID73223,73223,37,10.162391662597656,762.9706721233925,688.1182237348048,0.0,19.0,19,5.0,1,,90.73195876288659,84.0,52.0,157.0,8801.0,24.90294304223797,0.34722443554545707,1.8780620473811827,0.0,0.0,5.0,5.0,0.0,1.0,78.53981633974483,31.41592653589793,1.0,1.0,3.5449077018110318
ID72764,72764,37,9.314811706542969,760.995974365986,692.6725900702405,0.0,20.0,20,5.0,1,,88.37113402061856,82.0,46.0,145.0,8572.0,22.86432792384099,0.3243391335602925,1.8931373478055264,0.0,0.0,5.0,5.0,0.0,1.0,78.53981633974483,31.41592653589793,1.0,1.0,3.5449077018110318
ID73333,73333,37,11.275825500488281,759.8221596870118,697.797786637889,0.0,21.0,21,5.0,1,,91.15463917525773,85.0,44.0,156.0,8842.0,26.455678425665052,0.3867190380273662,1.9217502390758956,0.0,0.0,5.0,5.0,0.0,1.0,78.53981633974483,31.41592653589793,1.0,1.0,3.5449077018110318
ID73110,73110,37,9.983787536621094,759.0662798761617,701.7276156454959,0.0,22.0,22,5.0,1,,82.83505154639175,79.0,42.0,138.0,8035.0,24.377961534776965,0.3813662014385997,1.8762043149411785,0.0,0.0,5.0,5.0,0.0,1.0,78.53981633974483,31.41592653589793,1.0,1.0,3.5449077018110318
ID72993,72993,37,9.31707763671875,758.1771240768463,707.2104827518266,0.0,23.0,23,5.0,1,,82.09278350515464,75.0,47.0,138.0,7963.0,22.367704804316837,0.35841917803597767,1.936738517627994,0.0,0.0,5.0,5.0,0.0,1.0,78.53981633974483,31.41592653589793,1.0,1.0,3.5449077018110318
ID74144,74144,37,9.58624267578125,756.3735422839939,711.0291254804448,0.0,24.0,24,5.0,1,,79.45360824742268,73.0,41.0,140.0,7707.0,26.142645802467364,0.3658667551905854,1.6282035440312155,0.0,0.0,5.0,5.0,0.0,1.0,78.53981633974483,31.41592653589793,1.0,1.0,3.5449077018110318
ID74259,74259,37,8.478218078613281,755.5085509631493,713.9754360145836,0.0,25.0,25,5.0,1,,77.96907216494846,73.0,45.0,125.0,7563.0,21.110549104775906,0.35498537140389397,1.93521259538981,0.0,0.0,5.0,5.0,0.0,1.0,78.53981633974483,31.41592653589793,1.0,1.0,3.5449077018110318
ID73802,73802,37,9.219863891601562,752.2806507578481,719.0868399796468,0.0,26.0,26,5.0,1,,80.9381443298969,76.0,40.0,138.0,7851.0,24.448421230976965,0.3553571756403034,1.7359761300007877,0.0,0.0,5.0,5.0,0.0,1.0,78.53981633974483,31.41592653589793,1.0,1.0,3.5449077018110318
ID73454,73454,37,10.345718383789062,752.1495072728212,725.1183413734761,0.0,27.0,27,5.0,1,,83.34020618556701,77.0,43.0,155.0,8084.0,26.093935517479498,0.38977372120196635,1.7914860934703845,0.0,0.0,5.0,5.0,0.0,1.0,78.53981633974483,31.41592653589793,1.0,1.0,3.5449077018110318
ID73572,73572,37,9.359062194824219,751.1878265646232,730.7994884893508,0.0,28.0,28,5.0,1,,76.65979381443299,70.0,45.0,141.0,7436.0,23.65942667924094,0.37705321303525535,1.774374751593427,0.0,0.0,5.0,5.0,0.0,1.0,78.53981633974483,31.41592653589793,1.0,1.0,3.5449077018110318
ID73687,73687,37,8.381851196289062,749.42481991713,734.237542897511,0.0,29.0,29,5.0,1,,73.71134020618557,68.0,37.0,133.0,7150.0,24.49360408134072,0.3553021191360214,1.577877524353663,0.0,0.0,5.0,5.0,0.0,1.0,78.53981633974483,31.41592653589793,1.0,1.0,3.5449077018110318
ID74026,74026,37,9.144783020019531,747.0582735916776,736.8654310991983,0.0,30.0,30,5.0,1,,79.61855670103093,74.0,44.0,131.0,7723.0,22.97165068938645,0.3631845514479724,1.8468209979305485,0.0,0.0,5.0,5.0,0.0,1.0,78.53981633974483,31.41592653589793,1.0,1.0,3.5449077018110318
ID73918,73918,37,9.305213928222656,743.7629680487254,740.1991988271463,0.0,31.0,31,5.0,1,,77.6701030927835,74.0,34.0,137.0,7534.0,25.667635932517452,0.3687447293709954,1.6304270358369124,0.0,0.0,5.0,5.0,0.0,1.0,78.53981633974483,31.41592653589793,1.0,1.0,3.5449077018110318
ID75077,75077,37,11.305015563964844,741.5710879177147,744.5239144558948,0.0,32.0,32,5.0,1,,89.77319587628865,80.0,45.0,157.0,8708.0,28.83447919976446,0.3820695593622239,1.7213814000566923,0.0,0.0,5.0,5.0,0.0,1.0,78.53981633974483,31.41592653589793,1.0,1.0,3.5449077018110318
ID74372,74372,37,8.7967529296875,738.6816994539607,747.480943651089,0.0,33.0,33,5.0,1,,77.45360824742268,66.0,40.0,136.0,7513.0,27.01235080884171,0.3387847049530441,1.4511834672052368,0.0,0.0,5.0,5.0,0.0,1.0,78.53981633974483,31.41592653589793,1.0,1.0,3.5449077018110318
ID74609,74609,37,10.319244384765625,737.9635784682697,752.3098520021209,0.0,34.0,34,5.0,1,,87.25773195876289,81.0,50.0,155.0,8464.0,28.286215116832768,0.3580547148856939,1.626639092999955,0.0,0.0,5.0,5.0,0.0,1.0,78.53981633974483,31.41592653589793,1.0,1.0,3.5449077018110318
ID74962,74962,37,9.18212890625,736.594831166241,756.9518724654095,0.0,35.0,35,5.0,1,,82.16494845360825,74.0,44.0,144.0,7970.0,26.00067323341965,0.33966466361306047,1.6024565240893343,0.0,0.0,5.0,5.0,0.0,1.0,78.53981633974483,31.41592653589793,1.0,1.0,3.5449077018110318
ID74730,74730,37,9.822044372558594,734.5728596075776,761.6423920251161,0.0,36.0,36,5.0,1,,82.73195876288659,78.0,43.0,150.0,8025.0,27.9994477117844,0.3638045498833058,1.5764123505271843,0.0,0.0,5.0,5.0,0.0,1.0,78.53981633974483,31.41592653589793,1.0,1.0,3.5449077018110318
ID74849,74849,37,9.444831848144531,732.5476546058403,765.1221802526397,0.0,37.0,37,5.0,1,,84.89690721649484,80.0,43.0,156.0,8235.0,26.134063234950375,0.33349687498489455,1.624855309097516,0.0,0.0,5.0,5.0,0.0,1.0,78.53981633974483,31.41592653589793,1.0,1.0,3.5449077018110318
ID74484,74484,37,8.229972839355469,732.5018577435776,768.4846704843418,0.0,38.0,38,5.0,1,,85.48453608247422,85.0,42.0,138.0,8292.0,26.133516714676738,0.2864614373768935,1.4567636416348082,0.0,0.0,5.0,5.0,0.0,1.0,78.53981633974483,31.41592653589793,1.0,1.0,3.5449077018110318
ID75636,75636,37,8.624015808105469,737.0578329419671,778.4382647920833,0.0,40.0,40,5.0,1,,76.73195876288659,68.0,38.0,134.0,7443.0,25.54673636360651,0.33754298582913483,1.5159755386513736,0.0,0.0,5.0,5.0,0.0,1.0,78.53981633974483,31.41592653589793,1.0,1.0,3.5449077018110318
ID75408,75408,37,8.276710510253906,741.272769345061,781.6975977444597,0.0,41.0,41,5.0,1,,76.57731958762886,70.0,35.0,141.0,7428.0,23.338021129490603,0.3349534876235233,1.646586299801004,0.0,0.0,5.0,5.0,0.0,1.0,78.53981633974483,31.41592653589793,1.0,1.0,3.5449077018110318
ID75300,75300,37,8.695518493652344,744.2725160483117,785.0393383463621,0.0,42.0,42,5.0,1,,78.65979381443299,73.0,41.0,131.0,7630.0,23.851924537104157,0.33313992055950614,1.6482015456616392,0.0,0.0,5.0,5.0,0.0,1.0,78.53981633974483,31.41592653589793,1.0,1.0,3.5449077018110318
ID75758,75758,37,8.944595336914062,746.4492204438562,787.2792369225439,0.0,43.0,43,5.0,1,,78.14432989690722,73.0,33.0,135.0,7580.0,24.680453505220832,0.35128537209504984,1.6462179074293861,0.0,0.0,5.0,5.0,0.0,1.0,78.53981633974483,31.41592653589793,1.0,1.0,3.5449077018110318
ID75887,75887,37,9.706207275390625,749.8642365065101,793.3727027891559,0.0,44.0,44,5.0,1,,89.96907216494846,87.0,46.0,145.0,8727.0,25.58582518059211,0.3327384310306512,1.7558275227965827,0.0,0.0,5.0,5.0,0.0,1.0,78.53981633974483,31.41592653589793,1.0,1.0,3.5449077018110318
ID75530,75530,37,8.40118408203125,753.1840969123717,798.1451180068882,0.0,45.0,45,5.0,1,,80.09278350515464,76.0,43.0,141.0,7769.0,23.18722819886827,0.315818926795481,1.6581223416333777,0.0,0.0,5.0,5.0,0.0,1.0,78.53981633974483,31.41592653589793,1.0,1.0,3.5449077018110318
ID76019,76019,37,8.276397705078125,757.6336996513974,802.2717210606706,0.0,46.0,46,5.0,1,,75.17525773195877,70.0,37.0,132.0,7292.0,24.688480068849223,0.3324288004189033,1.5193757786171247,0.0,0.0,5.0,5.0,0.0,1.0,78.53981633974483,31.41592653589793,1.0,1.0,3.5449077018110318
ID76137,76137,37,8.569328308105469,760.6969029844491,804.7945157802616,0.0,47.0,47,5.0,1,,76.15463917525773,70.0,34.0,133.0,7387.0,24.7459340962416,0.35469403814900347,1.6115180626109151,0.0,0.0,5.0,5.0,0.0,1.0,78.53981633974483,31.41592653589793,1.0,1.0,3.5449077018110318
ID76503,76503,37,8.383964538574219,763.6392228532143,808.2172277206663,0.0,48.0,48,5.0,1,,75.64948453608247,70.0,30.0,124.0,7338.0,25.154125422546418,0.3370277643219539,1.5161843183006154,0.0,0.0,5.0,5.0,0.0,1.0,78.53981633974483,31.41592653589793,1.0,1.0,3.5449077018110318
ID76618,76618,37,9.424728393554688,767.6502994934829,810.4696036548778,0.0,49.0,49,5.0,1,,76.28865979381443,71.0,30.0,137.0,7400.0,26.50037686952403,0.3658759664509126,1.5422704947662622,0.0,0.0,5.0,5.0,0.0,1.0,78.53981633974483,31.41592653589793,1.0,1.0,3.5449077018110318
ID76382,76382,37,9.025047302246094,771.0091158629737,811.9165668085252,0.0,50.0,50,5.0,1,,75.72164948453609,64.0,41.0,131.0,7345.0,25.14696066295472,0.363510579457016,1.605547290597265,0.0,0.0,5.0,5.0,0.0,1.0,78.53981633974483,31.41592653589793,1.0,1.0,3.5449077018110318
ID76258,76258,37,8.683509826660156,776.3375733239251,813.3816964047145,0.0,51.0,51,5.0,1,,73.9278350515464,65.0,38.0,135.0,7171.0,26.700205766482558,0.33830169496246576,1.3998242774778453,0.0,0.0,5.0,5.0,0.0,1.0,78.53981633974483,31.41592653589793,1.0,1.0,3.5449077018110318
ID76744,76744,37,8.598247528076172,779.5103114592333,815.3168772438219,0.0,52.0,52,5.0,1,,73.20618556701031,68.0,37.0,132.0,7101.0,25.763725364813595,0.36361994840928635,1.5153866884427245,0.0,0.0,5.0,5.0,0.0,1.0,78.53981633974483,31.41592653589793,1.0,1.0,3.5449077018110318
ID76968,76968,37,8.995231628417969,786.772874139522,815.6965450666977,0.0,53.0,53,5.0,1,,79.0,74.0,37.0,131.0,7663.0,24.996249718707805,0.37583260226792736,1.7266769314155033,0.0,0.0,5.0,5.0,0.0,1.0,78.53981633974483,31.41592653589793,1.0,1.0,3.5449077018110318
ID76850,76850,37,8.157630920410156,792.1925391620002,815.0588627278613,0.0,54.0,54,5.0,1,,70.3298969072165,62.0,27.0,125.0,6822.0,24.94482313088084,0.3443748345539575,1.4444435727397198,0.0,0.0,5.0,5.0,0.0,1.0,78.53981633974483,31.41592653589793,1.0,1.0,3.5449077018110318
ID77094,77094,37,8.639793395996094,797.7939842943559,814.2894504993853,0.0,55.0,55,5.0,1,,72.65979381443299,65.0,36.0,127.0,7048.0,25.12091036282413,0.3659951908300338,1.5499403745748976,0.0,0.0,5.0,5.0,0.0,1.0,78.53981633974483,31.41592653589793,1.0,1.0,3.5449077018110318
ID77201,77201,37,8.987373352050781,802.807655215857,814.0853641398073,0.0,56.0,56,5.0,1,,76.72164948453609,69.0,33.0,128.0,7442.0,24.58011656978445,0.3760624702677361,1.70602673639265,0.0,0.0,5.0,5.0,0.0,1.0,78.53981633974483,31.41592653589793,1.0,1.0,3.5449077018110318
ID77322,77322,37,8.712150573730469,807.8207084470206,812.8986331347767,0.0,57.0,57,5.0,1,,76.3298969072165,70.0,30.0,147.0,7404.0,24.791934865279497,0.3540830859035662,1.6101788490066051,0.0,0.0,5.0,5.0,0.0,1.0,78.53981633974483,31.41592653589793,1.0,1.0,3.5449077018110318
ID77435,77435,37,8.425636291503906,811.1171159874231,811.2280896850517,0.0,58.0,58,5.0,1,,76.51546391752578,69.0,36.0,130.0,7422.0,25.977198897166634,0.3275101010033597,1.453361851565641,0.0,0.0,5.0,5.0,0.0,1.0,78.53981633974483,31.41592653589793,1.0,1.0,3.5449077018110318
ID77673,77673,37,8.804641723632812,812.9176989605787,810.59460011135,0.0,59.0,59,5.0,1,,80.68041237113403,71.0,41.0,138.0,7826.0,25.661476636419653,0.32809912200632524,1.5534276829359948,0.0,0.0,5.0,5.0,0.0,1.0,78.53981633974483,31.41592653589793,1.0,1.0,3.5449077018110318
ID77792,77792,37,8.626998901367188,818.6950610802476,807.3708469492692,0.0,60.0,60,5.0,1,,85.80412371134021,81.0,44.0,147.0,8323.0,24.26616264440128,0.2951381600740191,1.6115594002388767,0.0,0.0,5.0,5.0,0.0,1.0,78.53981633974483,31.41592653589793,1.0,1.0,3.5449077018110318
ID77557,77557,37,10.733604431152344,826.1850970967116,802.9611915519754,0.0,61.0,61,5.0,1,,94.64948453608247,88.0,51.0,156.0,9181.0,27.13893314852046,0.34546333439781624,1.790958699470074,0.0,0.0,5.0,5.0,0.0,1.0,78.53981633974483,31.41592653589793,1.0,1.0,3.5449077018110318
ID77912,77912,37,9.978645324707031,830.017633662101,798.0709772038291,0.0,62.0,62,5.0,1,,88.89690721649484,85.0,45.0,149.0,8623.0,26.04102713991363,0.3387346993158501,1.7275224672819882,0.0,0.0,5.0,5.0,0.0,1.0,78.53981633974483,31.41592653589793,1.0,1.0,3.5449077018110318
ID78030,78030,37,9.752044677734375,834.1386932558369,795.8963837421472,0.0,63.0,63,5.0,1,,84.97938144329896,80.0,46.0,142.0,8243.0,24.32633149038442,0.36687273792630004,1.8752289535651077,0.0,0.0,5.0,5.0,0.0,1.0,78.53981633974483,31.41592653589793,1.0,1.0,3.5449077018110318
ID78154,78154,37,9.258888244628906,836.7581478943221,793.91258159017,0.0,64.0,64,5.0,1,,78.90721649484536,71.0,39.0,142.0,7654.0,26.117954581980417,0.3502565871408899,1.5673917768950314,0.0,0.0,5.0,5.0,0.0,1.0,78.53981633974483,31.41592653589793,1.0,1.0,3.5449077018110318
ID78276,78276,37,8.413490295410156,839.603344504494,789.6287845707642,0.0,65.0,65,5.0,1,,74.82474226804123,70.0,37.0,132.0,7258.0,23.66388348186533,0.3485094700646127,1.6343677725736212,0.0,0.0,5.0,5.0,0.0,1.0,78.53981633974483,31.41592653589793,1.0,1.0,3.5449077018110318
ID78531,78531,37,9.274345397949219,843.3976689119785,787.0749163195458,0.0,66.0,66,5.0,1,,77.29896907216495,70.0,40.0,140.0,7498.0,26.500850988086846,0.3550523216686829,1.5285518308168828,0.0,0.0,5.0,5.0,0.0,1.0,78.53981633974483,31.41592653589793,1.0,1.0,3.5449077018110318
ID78400,78400,37,9.763839721679688,848.1709243313898,781.973687919469,0.0,67.0,67,5.0,1,,81.55670103092784,76.0,39.0,142.0,7911.0,25.56037341283254,0.3654263407132052,1.7078669098936055,0.0,0.0,5.0,5.0,0.0,1.0,78.53981633974483,31.41592653589793,1.0,1.0,3.5449077018110318
ID78670,78670,37,8.586349487304688,852.2103094297036,777.8522156638616,0.0,68.0,68,5.0,1,,78.12371134020619,70.0,41.0,145.0,7578.0,24.23593137091718,0.32542348988558134,1.5828777827119114,0.0,0.0,5.0,5.0,0.0,1.0,78.53981633974483,31.41592653589793,1.0,1.0,3.5449077018110318
ID78930,78930,37,9.537086486816406,854.1440394394058,772.0264701228779,0.0,69.0,69,5.0,1,,81.23711340206185,76.0,44.0,156.0,7880.0,26.497552243822245,0.3556993598778237,1.6087865042997191,0.0,0.0,5.0,5.0,0.0,1.0,78.53981633974483,31.41592653589793,1.0,1.0,3.5449077018110318
ID78800,78800,37,9.625358581542969,854.2258582798399,769.0442793020529,0.0,70.0,70,5.0,1,,79.9381443298969,69.0,47.0,150.0,7754.0,26.418433602706628,0.355037084541147,1.5856215208353097,0.0,0.0,5.0,5.0,0.0,1.0,78.53981633974483,31.41592653589793,1.0,1.0,3.5449077018110318
ID79196,79196,37,8.043144226074219,855.3862330716981,763.7696067883091,0.0,71.0,71,5.0,1,,78.22680412371135,72.0,45.0,135.0,7588.0,22.259597721469483,0.3134272447230146,1.677254618259585,0.0,0.0,5.0,5.0,0.0,1.0,78.53981633974483,31.41592653589793,1.0,1.0,3.5449077018110318
ID79062,79062,37,9.483734130859375,857.1894980372624,756.8362069500437,0.0,72.0,72,5.0,1,,92.04123711340206,86.0,48.0,149.0,8928.0,25.252853603509344,0.3113430131517723,1.7307119783011775,0.0,0.0,5.0,5.0,0.0,1.0,78.53981633974483,31.41592653589793,1.0,1.0,3.5449077018110318
ID79472,79472,37,11.318572998046875,856.9502637660818,752.0486272991766,0.0,73.0,73,5.0,1,,98.47422680412372,87.0,43.0,199.0,9552.0,33.34450628898795,0.33866091864764675,1.4942483370712005,0.0,0.0,5.0,5.0,0.0,1.0,78.53981633974483,31.41592653589793,1.0,1.0,3.5449077018110318
ID79330,79330,37,12.100601196289062,855.1032113573517,748.8809244052591,0.0,74.0,74,5.0,1,,105.27835051546391,97.0,57.0,193.0,10212.0,29.271979728929477,0.336849005526535,1.8124660651501918,0.0,0.0,5.0,5.0,0.0,1.0,78.53981633974483,31.41592653589793,1.0,1.0,3.5449077018110318
ID79613,79613,37,8.291358947753906,853.6290551972728,741.4927534899779,0.0,75.0,75,5.0,1,,87.14432989690722,80.0,47.0,148.0,8453.0,25.06408024557656,0.2606543159415395,1.4377595582444398,0.0,0.0,5.0,5.0,0.0,1.0,78.53981633974483,31.41592653589793,1.0,1.0,3.5449077018110318
ID79856,79856,37,8.528083801269531,853.7573889190811,736.7870983906588,0.0,76.0,76,5.0,1,,84.82474226804123,79.0,50.0,138.0,8228.0,22.70187689986518,0.30226624980363576,1.7345253543439498,0.0,0.0,5.0,5.0,0.0,1.0,78.53981633974483,31.41592653589793,1.0,1.0,3.5449077018110318
ID79732,79732,37,9.115638732910156,852.0925935308871,733.430137724953,0.0,77.0,77,5.0,1,,87.01030927835052,79.0,54.0,150.0,8440.0,23.99847861730025,0.32238401180015164,1.7677990784067772,0.0,0.0,5.0,5.0,0.0,1.0,78.53981633974483,31.41592653589793,1.0,1.0,3.5449077018110318
ID79974,79974,37,8.959701538085938,849.004482223192,728.7832229569302,0.0,78.0,78,5.0,1,,87.96907216494846,81.0,48.0,154.0,8533.0,23.496654730091993,0.3008828061848199,1.7318615449478523,0.0,0.0,5.0,5.0,0.0,1.0,78.53981633974483,31.41592653589793,1.0,1.0,3.5449077018110318
ID80106,80106,37,8.810531616210938,845.302633417647,726.3703480643685,0.0,79.0,79,5.0,1,,82.31958762886597,77.0,43.0,136.0,7985.0,23.36599487492123,0.3300306003124358,1.7484027509680746,0.0,0.0,5.0,5.0,0.0,1.0,78.53981633974483,31.41592653589793,1.0,1.0,3.5449077018110318
ID80231,80231,37,8.49102783203125,840.9729590002127,722.2196715310939,0.0,80.0,80,5.0,1,,81.35051546391753,73.0,48.0,138.0,7891.0,23.0773343154388,0.3042581049419377,1.644687057745046,0.0,0.0,5.0,5.0,0.0,1.0,78.53981633974483,31.41592653589793,1.0,1.0,3.5449077018110318
ID80352,80352,37,7.856346130371094,837.2320930634885,717.9707978959148,0.0,81.0,81,5.0,1,,76.94845360824742,70.0,39.0,131.0,7464.0,23.19993315993452,0.3043684088005899,1.547898432631215,0.0,0.0,5.0,5.0,0.0,1.0,78.53981633974483,31.41592653589793,1.0,1.0,3.5449077018110318
ID80472,80472,37,8.518226623535156,833.0369406218513,715.0424151831425,0.0,82.0,82,5.0,1,,81.51546391752578,77.0,45.0,136.0,7907.0,23.09676808292209,0.3158289036694414,1.6942255911661794,0.0,0.0,5.0,5.0,0.0,1.0,78.53981633974483,31.41592653589793,1.0,1.0,3.5449077018110318
ID80585,80585,37,7.872856140136719,829.6668841515024,711.8314060794987,0.0,83.0,83,5.0,1,,79.71134020618557,74.0,46.0,132.0,7732.0,22.738531341318804,0.2882781001998775,1.5688799877996298,0.0,0.0,5.0,5.0,0.0,1.0,78.53981633974483,31.41592653589793,1.0,1.0,3.5449077018110318
ID80702,80702,37,9.961570739746094,824.2805251854746,708.8601075440253,0.0,84.0,84,5.0,1,,90.79381443298969,83.0,50.0,159.0,8807.0,25.257399140453995,0.3313771147242115,1.789447886390893,0.0,0.0,5.0,5.0,0.0,1.0,78.53981633974483,31.41592653589793,1.0,1.0,3.5449077018110318
ID80824,80824,37,8.820083618164062,820.1665265343161,707.7265786684355,0.0,85.0,85,5.0,1,,88.17525773195877,80.0,51.0,145.0,8553.0,21.699179280408252,0.30615682458912,1.904943268083598,0.0,0.0,5.0,5.0,0.0,1.0,78.53981633974483,31.41592653589793,1.0,1.0,3.5449077018110318
ID80947,80947,37,9.609626770019531,815.9478369719034,706.0756270077519,0.0,86.0,86,5.0,1,,89.81443298969072,86.0,45.0,147.0,8712.0,23.685583650234033,0.32661432140460606,1.8671644914457393,0.0,0.0,5.0,5.0,0.0,1.0,78.53981633974483,31.41592653589793,1.0,1.0,3.5449077018110318
ID81056,81056,37,8.650611877441406,809.9114885709648,703.8607878087874,0.0,87.0,87,5.0,1,,89.03092783505154,86.0,50.0,140.0,8636.0,22.505301971724087,0.2950906038212326,1.8027739713133388,0.0,0.0,5.0,5.0,0.0,1.0,78.53981633974483,31.41592653589793,1.0,1.0,3.5449077018110318
ID81167,81167,37,8.588539123535156,804.2603477993367,702.2542158947617,0.0,88.0,88,5.0,1,,86.88659793814433,82.0,49.0,145.0,8428.0,22.242918483877347,0.2988182310353582,1.7974206734252558,0.0,0.0,5.0,5.0,0.0,1.0,78.53981633974483,31.41592653589793,1.0,1.0,3.5449077018110318
ID81417,81417,37,10.08319091796875,797.4788712452016,696.5770841201598,0.0,89.0,89,5.0,1,,96.09278350515464,91.0,44.0,153.0,9321.0,25.37965165665318,0.3226313291210451,1.8471528913085387,0.0,0.0,5.0,5.0,0.0,1.0,78.53981633974483,31.41592653589793,1.0,1.0,3.5449077018110318
ID81291,81291,37,9.410430908203125,790.4419402142823,693.4265305050499,0.0,90.0,90,5.0,1,,93.84536082474227,88.0,58.0,155.0,9103.0,22.914396951018944,0.29253761550618745,1.8538427728975109,0.0,0.0,5.0,5.0,0.0,1.0,78.53981633974483,31.41592653589793,1.0,1.0,3.5449077018110318
ID81539,81539,37,8.71759033203125,784.9661780750375,690.7622746581925,0.0,91.0,91,5.0,1,,85.19587628865979,76.0,44.0,139.0,8264.0,23.285205950371214,0.30809654774452105,1.7235167916648424,0.0,0.0,5.0,5.0,0.0,1.0,78.53981633974483,31.41592653589793,1.0,1.0,3.5449077018110318
ID81792,81792,37,9.720115661621094,781.351095997878,688.5639691702802,0.0,92.0,92,5.0,1,,88.85567010309278,83.0,38.0,139.0,8619.0,24.423771587465783,0.3307872435486208,1.8086000404977027,0.0,0.0,5.0,5.0,0.0,1.0,78.53981633974483,31.41592653589793,1.0,1.0,3.5449077018110318
ID81658,81658,37,8.532455444335938,774.6779376858742,685.7938628694197,0.0,93.0,93,5.0,1,,90.30927835051547,82.0,49.0,148.0,8760.0,25.364164691853425,0.2871176121481429,1.5884860441328976,0.0,0.0,5.0,5.0,0.0,1.0,78.53981633974483,31.41592653589793,1.0,1.0,3.5449077018110318
ID81657,81657,651,8.642189025878906,770.6660379170313,685.6507939272558,0.0,93.0,93,5.0,1,,88.58762886597938,82.0,47.0,168.0,8593.0,29.080618036087625,0.302849164349974,1.416223126353243,0.0,0.0,5.0,5.0,0.0,1.0,78.53981633974483,31.41592653589793,1.0,1.0,3.5449077018110318
ID81915,81915,651,12.130447387695312,768.8957524869536,683.0675469258016,0.0,94.0,94,5.0,1,,103.79381443298969,98.0,40.0,192.0,10068.0,31.473513383058133,0.3332812846665122,1.6487142292253627,0.0,0.0,5.0,5.0,0.0,1.0,78.53981633974483,31.41592653589793,1.0,1.0,3.5449077018110318
ID82048,82048,651,8.631134033203125,764.3273890362173,680.4843900359309,0.0,95.0,95,5.0,1,,91.68041237113403,87.0,51.0,144.0,8893.0,23.478068840831973,0.27454945614405213,1.682317946080222,0.0,0.0,5.0,5.0,0.0,1.0,78.53981633974483,31.41592653589793,1.0,1.0,3.5449077018110318
ID82167,82167,651,11.236343383789062,759.1794262585554,678.7545260097687,0.0,96.0,96,5.0,1,,95.58762886597938,89.0,60.0,174.0,9272.0,25.827856641505466,0.355261675986185,1.940298374911663,0.0,0.0,5.0,5.0,0.0,1.0,78.53981633974483,31.41592653589793,1.0,1.0,3.5449077018110318
ID82431,82431,651,9.965034484863281,753.4600845363307,676.8068743745265,0.0,97.0,97,5.0,1,,93.72164948453609,90.0,58.0,153.0,9091.0,23.445300820936204,0.32582731291724804,1.9647831955088646,0.0,0.0,5.0,5.0,0.0,1.0,78.53981633974483,31.41592653589793,1.0,1.0,3.5449077018110318
ID82298,82298,651,10.090919494628906,746.591576235346,676.4643530011598,0.0,98.0,98,5.0,1,,92.0721649484536,87.0,45.0,156.0,8931.0,26.25009818341972,0.32697577217008184,1.7285422491517943,0.0,0.0,5.0,5.0,0.0,1.0,78.53981633974483,31.41592653589793,1.0,1.0,3.5449077018110318
ID82555,82555,651,8.39697265625,738.0614054401996,676.3967881650844,0.0,99.0,99,5.0,1,,83.52577319587628,78.0,53.0,136.0,8102.0,20.18822510746526,0.3083355979120484,1.9500999502629794,0.0,0.0,5.0,5.0,0.0,1.0,78.53981633974483,31.41592653589793,1.0,1.0,3.5449077018110318
ID82674,82674,651,8.22552490234375,733.9196643140235,675.5293492600114,0.0,100.0,100,5.0,1,,80.01030927835052,75.0,42.0,129.0,7761.0,21.43084558788299,0.3199704141542443,1.8100153755272796,0.0,0.0,5.0,5.0,0.0,1.0,78.53981633974483,31.41592653589793,1.0,1.0,3.5449077018110318
ID82795,82795,651,8.136268615722656,728.9192030064747,676.6890517077944,0.0,101.0,101,5.0,1,,79.4020618556701,75.0,36.0,136.0,7702.0,22.35073628252846,0.30431590168482,1.6577223729303427,0.0,0.0,5.0,5.0,0.0,1.0,78.53981633974483,31.41592653589793,1.0,1.0,3.5449077018110318
ID83041,83041,651,8.683784484863281,723.6717529365474,677.1841247547984,0.0,102.0,102,5.0,1,,87.35051546391753,80.0,44.0,148.0,8473.0,23.754842154247118,0.308331672061479,1.7331797331662997,0.0,0.0,5.0,5.0,0.0,1.0,78.53981633974483,31.41592653589793,1.0,1.0,3.5449077018110318
ID83155,83155,651,10.242149353027344,719.5101468750406,677.1938070729785,0.0,103.0,103,5.0,1,,93.80412371134021,90.0,49.0,156.0,9099.0,23.447920650195602,0.3495364125160735,2.0723132711458865,0.0,0.0,5.0,5.0,0.0,1.0,78.53981633974483,31.41592653589793,1.0,1.0,3.5449077018110318
ID82918,82918,651,10.7027587890625,715.8459709726467,678.8087163035171,0.0,104.0,104,5.0,1,,98.05154639175258,96.0,54.0,157.0,9511.0,24.697491072821467,0.3470685335758001,2.045771646998127,0.0,0.0,5.0,5.0,0.0,1.0,78.53981633974483,31.41592653589793,1.0,1.0,3.5449077018110318
ID83275,83275,651,8.531471252441406,711.0964211685974,679.8927018769552,0.0,105.0,105,5.0,1,,84.49484536082474,82.0,40.0,127.0,8196.0,22.045466139766415,0.2988537828005922,1.7637597143921977,0.0,0.0,5.0,5.0,0.0,1.0,78.53981633974483,31.41592653589793,1.0,1.0,3.5449077018110318
ID83405,83405,651,7.48443603515625,707.1590970211162,682.0268296551417,0.0,106.0,106,5.0,1,,77.42268041237114,73.0,39.0,122.0,7510.0,20.5633346089721,0.28163933277933256,1.6547490312911048,0.0,0.0,5.0,5.0,0.0,1.0,78.53981633974483,31.41592653589793,1.0,1.0,3.5449077018110318
ID83520,83520,651,6.935638427734375,701.6238989694376,684.1578253626745,0.0,107.0,107,5.0,1,,76.18556701030928,77.0,37.0,119.0,7390.0,19.125860490940024,0.25826712223460396,1.6352267791522568,0.0,0.0,5.0,5.0,0.0,1.0,78.53981633974483,31.41592653589793,1.0,1.0,3.5449077018110318
ID83641,83641,651,7.7370147705078125,695.3401286909915,685.7224457803862,0.0,108.0,108,5.0,1,,81.50515463917526,75.0,44.0,142.0,7906.0,22.76744922002143,0.259587764186657,1.4755586606706226,0.0,0.0,5.0,5.0,0.0,1.0,78.53981633974483,31.41592653589793,1.0,1.0,3.5449077018110318
ID83774,83774,651,7.622161865234375,690.2783907383356,688.8544010328797,0.0,109.0,109,5.0,1,,80.70103092783505,78.0,49.0,134.0,7828.0,20.02038801887008,0.28313937041947057,1.7789470413232644,0.0,0.0,5.0,5.0,0.0,1.0,78.53981633974483,31.41592653589793,1.0,1.0,3.5449077018110318
ID83896,83896,651,7.812416076660156,687.4365470438246,689.7349457197654,0.0,110.0,110,5.0,1,,78.1340206185567,75.0,41.0,125.0,7579.0,18.07486103334049,0.3180155390671563,2.0860418274527865,0.0,0.0,5.0,5.0,0.0,1.0,78.53981633974483,31.41592653589793,1.0,1.0,3.5449077018110318
ID84022,84022,651,8.847648620605469,682.7418343757641,691.2806809940928,0.0,111.0,111,5.0,1,,78.8659793814433,73.0,39.0,132.0,7650.0,21.82154366769769,0.3383585426109742,1.8274222034220249,0.0,0.0,5.0,5.0,0.0,1.0,78.53981633974483,31.41592653589793,1.0,1.0,3.5449077018110318
ID84150,84150,651,6.475746154785156,679.2313492533983,694.5360615209382,0.0,112.0,112,5.0,1,,67.25773195876289,65.0,33.0,112.0,6524.0,17.951484589556156,0.2929506858968979,1.6977916818214414,0.0,0.0,5.0,5.0,0.0,1.0,78.53981633974483,31.41592653589793,1.0,1.0,3.5449077018110318
ID84279,84279,651,7.093433380126953,671.5978105202826,696.676493089944,0.0,113.0,113,5.0,1,,71.85567010309278,69.0,33.0,110.0,6970.0,18.888924053265562,0.3037548665018558,1.7726015351809319,0.0,0.0,5.0,5.0,0.0,1.0,78.53981633974483,31.41592653589793,1.0,1.0,3.5449077018110318
ID84755,84755,651,7.021625518798828,665.4815927960801,699.1435197094993,0.0,114.0,114,5.0,1,,68.76288659793815,69.0,36.0,107.0,6670.0,17.015172883265766,0.31493491566492837,1.935816929880326,0.0,0.0,5.0,5.0,0.0,1.0,78.53981633974483,31.41592653589793,1.0,1.0,3.5449077018110318
ID84400,84400,651,6.417930603027344,659.8758095227718,703.5394137179087,0.0,115.0,115,5.0,1,,65.94845360824742,64.0,33.0,112.0,6397.0,18.615277738784783,0.29551514492022596,1.6162269363865007,0.0,0.0,5.0,5.0,0.0,1.0,78.53981633974483,31.41592653589793,1.0,1.0,3.5449077018110318
ID84512,84512,651,7.7038116455078125,651.8663748284719,707.9185868593933,0.0,116.0,116,5.0,1,,72.44329896907216,72.0,33.0,119.0,7027.0,20.271577532843942,0.3152411974388486,1.7130823194376472,0.0,0.0,5.0,5.0,0.0,1.0,78.53981633974483,31.41592653589793,1.0,1.0,3.5449077018110318
ID84639,84639,651,6.183067321777344,648.4304123615426,711.4423707710927,0.0,117.0,117,5.0,1,,64.55670103092784,62.0,28.0,102.0,6262.0,18.29160159754843,0.27975963747352456,1.5430366405133107,0.0,0.0,5.0,5.0,0.0,1.0,78.53981633974483,31.41592653589793,1.0,1.0,3.5449077018110318
ID85223,85223,651,6.696624755859375,644.596684297469,715.462699430663,0.0,118.0,118,5.0,1,,65.91752577319588,63.0,36.0,105.0,6394.0,17.712795576863815,0.30164780448453793,1.7248465381326479,0.0,0.0,5.0,5.0,0.0,1.0,78.53981633974483,31.41592653589793,1.0,1.0,3.5449077018110318
ID84989,84989,651,6.897224426269531,639.6491967371901,718.489723785465,0.0,119.0,119,5.0,1,,69.76288659793815,65.0,43.0,120.0,6767.0,18.736535830139182,0.2889015394204422,1.6691495648561723,0.0,0.0,5.0,5.0,0.0,1.0,78.53981633974483,31.41592653589793,1.0,1.0,3.5449077018110318
ID84876,84876,651,6.041408538818359,635.8987617242836,721.4024915006806,0.0,120.0,120,5.0,1,,69.22680412371135,67.0,42.0,114.0,6715.0,16.704231720983643,0.25125064574690065,1.66433461016104,0.0,0.0,5.0,5.0,0.0,1.0,78.53981633974483,31.41592653589793,1.0,1.0,3.5449077018110318
ID85104,85104,651,6.8368377685546875,632.0903969078739,725.719267200112,0.0,121.0,121,5.0,1,,73.44329896907216,71.0,41.0,118.0,7124.0,19.361134324640428,0.2711374998585207,1.6182604874906563,0.0,0.0,5.0,5.0,0.0,1.0,78.53981633974483,31.41592653589793,1.0,1.0,3.5449077018110318
ID85339,85339,651,6.7720184326171875,631.0626174626134,729.5707573715465,0.0,122.0,122,5.0,1,,73.74226804123711,70.0,40.0,109.0,7153.0,17.606389909227243,0.26616737812751606,1.7609210196372747,0.0,0.0,5.0,5.0,0.0,1.0,78.53981633974483,31.41592653589793,1.0,1.0,3.5449077018110318
ID85457,85457,651,8.020118713378906,626.3226311702947,733.7495424009987,0.0,123.0,123,5.0,1,,91.74226804123711,88.0,54.0,138.0,8899.0,19.599786537164263,0.25121360687688704,1.8795757237843995,0.0,0.0,5.0,5.0,0.0,1.0,78.53981633974483,31.41592653589793,1.0,1.0,3.5449077018110318
ID85578,85578,651,7.5707550048828125,624.3808580894797,740.6876168162993,0.0,124.0,124,5.0,1,,87.87628865979381,88.0,49.0,134.0,8524.0,20.168177146579403,0.2689769641467924,1.8471255017587882,0.0,0.0,5.0,5.0,0.0,1.0,78.53981633974483,31.41592653589793,1.0,1.0,3.5449077018110318
ID85653,85653,651,5.922710418701172,618.6792609907602,745.3814099380184,0.0,125.0,125,5.0,1,,43.05154639175258,40.0,18.0,80.0,4176.0,14.126195475974045,0.4729926085033799,1.9572546170800642,0.0,0.0,5.0,5.0,0.0,1.0,78.53981633974483,31.41592653589793,1.0,1.0,3.5449077018110318
ID85857,85857,651,7.823333740234375,612.975587128287,746.669336540574,0.0,126.0,126,5.0,1,,76.23711340206185,73.0,42.0,122.0,7395.0,18.644577627666692,0.330155143154469,2.029829965208064,0.0,0.0,5.0,5.0,0.0,1.0,78.53981633974483,31.41592653589793,1.0,1.0,3.5449077018110318
ID85973,85973,651,9.016151428222656,609.7059999707126,751.4551955491764,0.0,127.0,127,5.0,1,,78.0618556701031,76.0,32.0,137.0,7572.0,23.029787971681774,0.3633225013486795,1.8066441532447906,0.0,0.0,5.0,5.0,0.0,1.0,78.53981633974483,31.41592653589793,1.0,1.0,3.5449077018110318
ID85728,85728,651,11.200462341308594,606.8497557280241,755.98112790411,0.0,128.0,128,5.0,1,,83.4639175257732,76.0,47.0,146.0,8096.0,25.858614721722052,0.4241751548082111,1.9226725562871079,0.0,0.0,5.0,5.0,0.0,1.0,78.53981633974483,31.41592653589793,1.0,1.0,3.5449077018110318
ID86097,86097,651,7.303489685058594,603.4823450326243,758.1322869282913,0.0,129.0,129,5.0,1,,74.70103092783505,70.0,37.0,122.0,7246.0,18.975952407177093,0.2882440059107516,1.7616318881306934,0.0,0.0,5.0,5.0,0.0,1.0,78.53981633974483,31.41592653589793,1.0,1.0,3.5449077018110318
ID86213,86213,651,10.079353332519531,599.5536198738747,760.2264280613396,0.0,130.0,130,5.0,1,,86.98969072164948,80.0,45.0,142.0,8438.0,26.325880345109393,0.3706317017948832,1.7870498632591016,0.0,0.0,5.0,5.0,0.0,1.0,78.53981633974483,31.41592653589793,1.0,1.0,3.5449077018110318
ID86327,86327,651,8.298652648925781,597.1883849411865,763.208595960107,0.0,131.0,131,5.0,1,,87.90721649484536,85.0,51.0,134.0,8527.0,20.70531457250509,0.28745001083092797,1.8958529358614429,0.0,0.0,5.0,5.0,0.0,1.0,78.53981633974483,31.41592653589793,1.0,1.0,3.5449077018110318
ID86447,86447,651,7.8314208984375,594.8345529790624,767.1544595555505,0.0,132.0,132,5.0,1,,82.98969072164948,79.0,41.0,138.0,8050.0,22.71035687254497,0.27030222523693775,1.5551516485987693,0.0,0.0,5.0,5.0,0.0,1.0,78.53981633974483,31.41592653589793,1.0,1.0,3.5449077018110318
ID86566,86566,651,7.72509765625,591.2751043780819,768.9403669721548,0.0,133.0,133,5.0,1,,83.49484536082474,81.0,47.0,142.0,8099.0,20.54371543772582,0.28695120092922377,1.8124107805056193,0.0,0.0,5.0,5.0,0.0,1.0,78.53981633974483,31.41592653589793,1.0,1.0,3.5449077018110318
ID86686,86686,651,8.131759643554688,587.9630294275495,772.719056327793,0.0,134.0,134,5.0,1,,79.20618556701031,74.0,47.0,128.0,7683.0,22.161781171050748,0.30580028658501207,1.6739618682024697,0.0,0.0,5.0,5.0,0.0,1.0,78.53981633974483,31.41592653589793,1.0,1.0,3.5449077018110318
ID86808,86808,651,8.607246398925781,582.1689712841813,777.9467654513069,0.0,135.0,135,5.0,1,,78.16494845360825,72.0,40.0,126.0,7582.0,22.87269132811146,0.3500945476000325,1.7723354982779624,0.0,0.0,5.0,5.0,0.0,1.0,78.53981633974483,31.41592653589793,1.0,1.0,3.5449077018110318
ID87037,87037,651,7.912208557128906,580.3726453558256,779.4907298720212,0.0,136.0,136,5.0,1,,72.3917525773196,64.0,32.0,128.0,7022.0,23.45543500495094,0.32033459211719506,1.4975986246586666,0.0,0.0,5.0,5.0,0.0,1.0,78.53981633974483,31.41592653589793,1.0,1.0,3.5449077018110318
ID86927,86927,651,9.763374328613281,578.936720700827,782.6680284855273,0.0,137.0,137,5.0,1,,76.42268041237114,70.0,32.0,135.0,7413.0,26.39556269982798,0.3985989961854484,1.6503054172111875,0.0,0.0,5.0,5.0,0.0,1.0,78.53981633974483,31.41592653589793,1.0,1.0,3.5449077018110318
ID87152,87152,651,8.741195678710938,574.8740999176342,784.8916064938946,0.0,138.0,138,5.0,1,,70.85567010309278,61.0,28.0,132.0,6873.0,25.781125884841305,0.38042301574364995,1.5148070519327135,0.0,0.0,5.0,5.0,0.0,1.0,78.53981633974483,31.41592653589793,1.0,1.0,3.5449077018110318
ID87269,87269,651,8.149547576904297,570.3229112220902,787.8674160749194,0.0,139.0,139,5.0,1,,68.14432989690722,64.0,34.0,125.0,6610.0,25.459931629065718,0.37000857666759734,1.4457426491814804,0.0,0.0,5.0,5.0,0.0,1.0,78.53981633974483,31.41592653589793,1.0,1.0,3.5449077018110318
ID87384,87384,651,7.831443786621094,569.2040384176917,791.5380323664168,0.0,140.0,140,5.0,1,,64.4639175257732,56.0,24.0,124.0,6253.0,23.520851500880244,0.38015596103980076,1.5098273541300473,0.0,0.0,5.0,5.0,0.0,1.0,78.53981633974483,31.41592653589793,1.0,1.0,3.5449077018110318
ID87504,87504,651,8.850147247314453,565.9167451222128,794.3470635296081,0.0,141.0,141,5.0,1,,67.63917525773196,61.0,29.0,122.0,6561.0,27.284452825361576,0.3998293151269469,1.416160899580727,0.0,0.0,5.0,5.0,0.0,1.0,78.53981633974483,31.41592653589793,1.0,1.0,3.5449077018110318
ID87616,87616,651,8.591808319091797,565.4592100675053,798.5091245035475,0.0,142.0,142,5.0,1,,65.61855670103093,56.0,29.0,120.0,6365.0,26.3357501392155,0.40822652880110616,1.4445736170130807,0.0,0.0,5.0,5.0,0.0,1.0,78.53981633974483,31.41592653589793,1.0,1.0,3.5449077018110318
ID88117,88117,651,8.643138885498047,564.6861310955253,804.3075322452778,0.0,143.0,143,5.0,1,,67.84536082474227,63.0,31.0,122.0,6581.0,25.09869693089397,0.3829901684798548,1.4971575700438546,0.0,0.0,5.0,5.0,0.0,1.0,78.53981633974483,31.41592653589793,1.0,1.0,3.5449077018110318
ID87989,87989,651,7.6504669189453125,563.513193644826,808.2756224506912,0.0,144.0,144,5.0,1,,61.845360824742265,56.0,28.0,116.0,5999.0,23.9936363986134,0.3838910778805205,1.4300366215924198,0.0,0.0,5.0,5.0,0.0,1.0,78.53981633974483,31.41592653589793,1.0,1.0,3.5449077018110318
ID87734,87734,651,8.161617279052734,563.3047969452501,812.8769291636781,0.0,145.0,145,5.0,1,,62.855670103092784,57.0,25.0,123.0,6097.0,25.147891599297825,0.3975273797152766,1.4219345202966476,0.0,0.0,5.0,5.0,0.0,1.0,78.53981633974483,31.41592653589793,1.0,1.0,3.5449077018110318
ID87866,87866,651,8.293506622314453,561.9543467185828,817.9719641278407,0.0,146.0,146,5.0,1,,67.03092783505154,59.0,34.0,123.0,6502.0,24.700478069027085,0.392834861956331,1.5307711241723958,0.0,0.0,5.0,5.0,0.0,1.0,78.53981633974483,31.41592653589793,1.0,1.0,3.5449077018110318
ID88244,88244,651,8.968856811523438,562.224624111602,821.7929468197549,0.0,147.0,147,5.0,1,,72.01030927835052,63.0,35.0,135.0,6985.0,27.41406833382604,0.3643154809190571,1.4028589264486222,0.0,0.0,5.0,5.0,0.0,1.0,78.53981633974483,31.41592653589793,1.0,1.0,3.5449077018110318
ID88385,88385,651,7.8352203369140625,562.8602434854673,827.4797383474762,0.0,148.0,148,5.0,1,,72.45360824742268,66.0,33.0,138.0,7028.0,25.533075207527677,0.3186101101861452,1.3712923122412355,0.0,0.0,5.0,5.0,0.0,1.0,78.53981633974483,31.41592653589793,1.0,1.0,3.5449077018110318
ID88518,88518,651,7.436767578125,562.8226877932913,830.6339584759075,0.0,149.0,149,5.0,1,,72.95876288659794,71.0,36.0,124.0,7077.0,20.93935565198402,0.31528200945978135,1.6704152784998285,0.0,0.0,5.0,5.0,0.0,1.0,78.53981633974483,31.41592653589793,1.0,1.0,3.5449077018110318
ID88652,88652,651,8.034927368164062,563.3716931037335,836.1819974527638,0.0,150.0,150,5.0,1,,77.80412371134021,72.0,37.0,139.0,7547.0,23.822537987191936,0.2905353218225386,1.4705291128289248,0.0,0.0,5.0,5.0,0.0,1.0,78.53981633974483,31.41592653589793,1.0,1.0,3.5449077018110318
ID88899,88899,651,7.56243896484375,564.9957629524137,841.3442545489586,0.0,151.0,151,5.0,1,,72.1340206185567,64.0,39.0,122.0,6997.0,24.400575841044624,0.29367088520267637,1.3421688272314842,0.0,0.0,5.0,5.0,0.0,1.0,78.53981633974483,31.41592653589793,1.0,1.0,3.5449077018110318
ID89280,89280,651,7.841407775878906,567.8496466585144,845.4523470235004,0.0,152.0,152,5.0,1,,72.8659793814433,67.0,31.0,128.0,7068.0,25.103796553003107,0.3102541896890901,1.374603652214961,0.0,0.0,5.0,5.0,0.0,1.0,78.53981633974483,31.41592653589793,1.0,1.0,3.5449077018110318
ID88773,88773,651,8.519775390625,571.3733068665829,849.7511080589752,0.0,153.0,153,5.0,1,,75.35051546391753,71.0,29.0,130.0,7309.0,24.06892933029072,0.35439168562927875,1.6383198635483318,0.0,0.0,5.0,5.0,0.0,1.0,78.53981633974483,31.41592653589793,1.0,1.0,3.5449077018110318
ID89023,89023,651,9.52374267578125,575.0014588618413,855.4971192196974,0.0,154.0,154,5.0,1,,83.5979381443299,78.0,37.0,140.0,8109.0,25.59160824120153,0.3606266912260975,1.7315971562675458,0.0,0.0,5.0,5.0,0.0,1.0,78.53981633974483,31.41592653589793,1.0,1.0,3.5449077018110318
ID89160,89160,651,9.565963745117188,578.7193923626076,858.7866625270641,0.0,155.0,155,5.0,1,,86.41237113402062,81.0,42.0,143.0,8382.0,26.964000915309747,0.34942561395046107,1.6596915091861286,0.0,0.0,5.0,5.0,0.0,1.0,78.53981633974483,31.41592653589793,1.0,1.0,3.5449077018110318
ID89413,89413,651,9.266624450683594,583.46902604051,861.9037392982883,0.0,156.0,156,5.0,1,,82.75257731958763,75.0,40.0,151.0,8027.0,26.746117680825446,0.33453061903082515,1.5511653856288912,0.0,0.0,5.0,5.0,0.0,1.0,78.53981633974483,31.41592653589793,1.0,1.0,3.5449077018110318
ID89549,89549,651,8.862747192382812,587.3466602579125,866.1940002846618,0.0,157.0,157,5.0,1,,80.26804123711341,81.0,33.0,139.0,7786.0,24.378318348448108,0.34622147627408584,1.6935826894786439,0.0,0.0,5.0,5.0,0.0,1.0,78.53981633974483,31.41592653589793,1.0,1.0,3.5449077018110318
ID89678,89678,651,8.717636108398438,591.598157872375,868.5504595662138,0.0,158.0,158,5.0,1,,75.29896907216495,70.0,33.0,130.0,7304.0,26.12556416793298,0.337533784741784,1.4546745367286287,0.0,0.0,5.0,5.0,0.0,1.0,78.53981633974483,31.41592653589793,1.0,1.0,3.5449077018110318
ID90342,90342,651,7.957801818847656,594.9962240985304,868.1483454230606,0.0,159.0,159,5.0,1,,75.08247422680412,69.0,24.0,128.0,7283.0,27.16411162694447,0.2937304404569646,1.2550996964258119,0.0,0.0,5.0,5.0,0.0,1.0,78.53981633974483,31.41592653589793,1.0,1.0,3.5449077018110318
ID89811,89811,651,8.205001831054688,598.8754051945208,868.638534779027,0.0,160.0,160,5.0,1,,69.9278350515464,63.0,28.0,126.0,6783.0,25.510311404851738,0.3457964682026449,1.4086577450120472,0.0,0.0,5.0,5.0,0.0,1.0,78.53981633974483,31.41592653589793,1.0,1.0,3.5449077018110318
ID89941,89941,651,8.619392395019531,602.1520045447824,868.9666020970303,0.0,161.0,161,5.0,1,,69.63917525773196,62.0,31.0,132.0,6755.0,25.126838890836392,0.3718324011424233,1.50242200064438,0.0,0.0,5.0,5.0,0.0,1.0,78.53981633974483,31.41592653589793,1.0,1.0,3.5449077018110318
ID90077,90077,651,8.463272094726562,606.7008609909133,867.5220516258101,0.0,162.0,162,5.0,1,,69.37113402061856,64.0,32.0,126.0,6729.0,25.509524196704806,0.3757969946982091,1.4856119279754738,0.0,0.0,5.0,5.0,0.0,1.0,78.53981633974483,31.41592653589793,1.0,1.0,3.5449077018110318
ID90198,90198,651,9.104507446289062,610.9893313675228,865.7188173387685,0.0,163.0,163,5.0,1,,74.0721649484536,68.0,33.0,130.0,7185.0,25.112765438567468,0.37022309763581407,1.5939060525599344,0.0,0.0,5.0,5.0,0.0,1.0,78.53981633974483,31.41592653589793,1.0,1.0,3.5449077018110318
ID90467,90467,651,8.645881652832031,615.6859225879812,864.8941542000025,0.0,164.0,164,5.0,1,,75.88659793814433,69.0,32.0,127.0,7361.0,25.31381222469422,0.3489336387568806,1.5509213672764686,0.0,0.0,5.0,5.0,0.0,1.0,78.53981633974483,31.41592653589793,1.0,1.0,3.5449077018110318
ID90595,90595,651,8.817924499511719,619.6593253593943,862.4695307392299,0.0,165.0,165,5.0,1,,84.56701030927834,77.0,46.0,146.0,8203.0,25.07941852748935,0.3018171460683672,1.5635343640187473,0.0,0.0,5.0,5.0,0.0,1.0,78.53981633974483,31.41592653589793,1.0,1.0,3.5449077018110318
ID90724,90724,651,8.665298461914062,623.7854794896875,862.5801617682571,0.0,166.0,166,5.0,1,,81.55670103092784,71.0,42.0,143.0,7911.0,28.723164675979493,0.29823406567197447,1.3045526340188227,0.0,0.0,5.0,5.0,0.0,1.0,78.53981633974483,31.41592653589793,1.0,1.0,3.5449077018110318
ID90849,90849,651,9.184577941894531,630.3217992409355,860.3674308735077,0.0,167.0,167,5.0,1,,82.0,77.0,34.0,149.0,7954.0,29.34812600490873,0.3316366721202206,1.3916828480039292,0.0,0.0,5.0,5.0,0.0,1.0,78.53981633974483,31.41592653589793,1.0,1.0,3.5449077018110318
ID90975,90975,651,9.182365417480469,631.1720251733881,857.1328460829332,0.0,168.0,168,5.0,1,,81.36082474226804,74.0,36.0,189.0,7892.0,31.200689618116588,0.30050370895067186,1.2050897327149197,0.0,0.0,5.0,5.0,0.0,1.0,78.53981633974483,31.41592653589793,1.0,1.0,3.5449077018110318
ID91225,91225,651,7.476188659667969,635.189456427413,856.016575131377,0.0,169.0,169,5.0,1,,75.98969072164948,68.0,38.0,143.0,7371.0,26.860168328059377,0.26648550765288376,1.1905545900243861,0.0,0.0,5.0,5.0,0.0,1.0,78.53981633974483,31.41592653589793,1.0,1.0,3.5449077018110318
ID91103,91103,651,10.746864318847656,640.2655403918955,854.3325895950602,0.0,170.0,170,5.0,1,,85.0618556701031,79.0,34.0,182.0,8251.0,32.36826327367522,0.3463773838448816,1.3521602682432283,0.0,0.0,5.0,5.0,0.0,1.0,78.53981633974483,31.41592653589793,1.0,1.0,3.5449077018110318
ID91354,91354,651,7.4270477294921875,645.0251363216889,849.2314623486183,0.0,171.0,171,5.0,1,,67.5979381443299,61.0,32.0,115.0,6557.0,24.327051041405205,0.3200294462305821,1.347349605431195,0.0,0.0,5.0,5.0,0.0,1.0,78.53981633974483,31.41592653589793,1.0,1.0,3.5449077018110318
ID91470,91470,651,8.100624084472656,650.3220808197336,845.831380063065,0.0,172.0,172,5.0,1,,67.16494845360825,63.0,32.0,121.0,6515.0,25.486794134565685,0.3420367441762152,1.3432777694690516,0.0,0.0,5.0,5.0,0.0,1.0,78.53981633974483,31.41592653589793,1.0,1.0,3.5449077018110318
ID91586,91586,651,8.633560180664062,654.290816581145,843.0108258277752,0.0,173.0,173,5.0,1,,66.48453608247422,59.0,29.0,130.0,6449.0,27.486024252510983,0.3696110156432943,1.3055285655050435,0.0,0.0,5.0,5.0,0.0,1.0,78.53981633974483,31.41592653589793,1.0,1.0,3.5449077018110318
ID91702,91702,651,8.314632415771484,656.9497859597506,839.0859811925493,0.0,174.0,174,5.0,1,,63.95876288659794,57.0,22.0,126.0,6204.0,24.863761081547477,0.38535392860312023,1.4310746108867287,0.0,0.0,5.0,5.0,0.0,1.0,78.53981633974483,31.41592653589793,1.0,1.0,3.5449077018110318
ID91821,91821,651,8.360233306884766,659.5500043069205,835.2560970130032,0.0,175.0,175,5.0,1,,66.64948453608247,56.0,21.0,134.0,6465.0,26.489400882362915,0.3670087304978052,1.3510137279625283,0.0,0.0,5.0,5.0,0.0,1.0,78.53981633974483,31.41592653589793,1.0,1.0,3.5449077018110318
ID91952,91952,651,7.5140838623046875,662.0652278925528,828.7117521988974,0.0,176.0,176,5.0,1,,70.1340206185567,65.0,35.0,124.0,6803.0,22.447452001832424,0.3073639450294537,1.4690889726795837,0.0,0.0,5.0,5.0,0.0,1.0,78.53981633974483,31.41592653589793,1.0,1.0,3.5449077018110318
ID92073,92073,651,7.879680633544922,663.4538285321828,822.2988754405565,0.0,177.0,177,5.0,1,,68.14432989690722,59.0,31.0,133.0,6610.0,25.812218396656668,0.3218175102691047,1.2855014171908954,0.0,0.0,5.0,5.0,0.0,1.0,78.53981633974483,31.41592653589793,1.0,1.0,3.5449077018110318
ID92321,92321,651,8.49029541015625,663.8375243886936,817.3895911961306,0.0,178.0,178,5.0,1,,83.20618556701031,82.0,41.0,139.0,8071.0,23.198391711643996,0.31155680019451776,1.7040324572517758,0.0,0.0,5.0,5.0,0.0,1.0,78.53981633974483,31.41592653589793,1.0,1.0,3.5449077018110318
ID92450,92450,651,8.049270629882812,662.9055583740168,813.7652907741643,0.0,179.0,179,5.0,1,,81.87628865979381,75.0,44.0,137.0,7942.0,26.906573597341243,0.2622493647851537,1.264442346208488,0.0,0.0,5.0,5.0,0.0,1.0,78.53981633974483,31.41592653589793,1.0,1.0,3.5449077018110318
ID92580,92580,651,9.814674377441406,662.0334459066007,807.8022104543322,0.0,180.0,180,5.0,1,,88.83505154639175,84.0,42.0,153.0,8617.0,27.285787055859902,0.3484711751057692,1.6826859222111608,0.0,0.0,5.0,5.0,0.0,1.0,78.53981633974483,31.41592653589793,1.0,1.0,3.5449077018110318
ID92700,92700,651,10.415802001953125,659.7084037532381,804.7648953642417,0.0,181.0,181,5.0,1,,92.12371134020619,84.0,45.0,177.0,8936.0,30.733483956142592,0.3581455911058785,1.580894570127627,0.0,0.0,5.0,5.0,0.0,1.0,78.53981633974483,31.41592653589793,1.0,1.0,3.5449077018110318
ID92195,92195,651,9.190376281738281,656.2876636666304,803.818629168703,0.0,182.0,182,5.0,1,,84.75257731958763,83.0,42.0,162.0,8221.0,26.43546817560132,0.35290368298047675,1.672573513472343,0.0,0.0,5.0,5.0,0.0,1.0,78.53981633974483,31.41592653589793,1.0,1.0,3.5449077018110318
ID92833,92833,651,8.429229736328125,653.5331572435331,799.7253091283623,0.0,183.0,183,5.0,1,,77.0,71.0,29.0,155.0,7469.0,25.653134961117974,0.310929708096433,1.42384622613755,0.0,0.0,5.0,5.0,0.0,1.0,78.53981633974483,31.41592653589793,1.0,1.0,3.5449077018110318
ID92963,92963,651,8.82223892211914,650.4046944848328,794.4595006165,0.0,184.0,184,5.0,1,,73.6082474226804,64.0,38.0,134.0,7140.0,25.234961157188472,0.3815395467428027,1.6111280945556528,0.0,0.0,5.0,5.0,0.0,1.0,78.53981633974483,31.41592653589793,1.0,1.0,3.5449077018110318
ID93227,93227,651,8.016639709472656,646.9088909021234,791.993644690751,0.0,185.0,185,5.0,1,,67.01030927835052,57.0,31.0,125.0,6500.0,23.436303234050175,0.35131099274426675,1.4866849298983058,0.0,0.0,5.0,5.0,0.0,1.0,78.53981633974483,31.41592653589793,1.0,1.0,3.5449077018110318
ID93350,93350,651,8.20452880859375,643.3267244311044,787.3620106167899,0.0,186.0,186,5.0,1,,68.34020618556701,63.0,32.0,121.0,6629.0,23.704292244029947,0.3774342537307068,1.579973200571175,0.0,0.0,5.0,5.0,0.0,1.0,78.53981633974483,31.41592653589793,1.0,1.0,3.5449077018110318
ID93471,93471,651,7.879768371582031,639.2581997451963,785.3399494250599,0.0,187.0,187,5.0,1,,66.12371134020619,59.0,36.0,124.0,6414.0,21.896183900757855,0.38191974029795306,1.6691988266169764,0.0,0.0,5.0,5.0,0.0,1.0,78.53981633974483,31.41592653589793,1.0,1.0,3.5449077018110318
ID93604,93604,651,7.813777923583984,635.643642165714,780.97908932018,0.0,188.0,188,5.0,1,,64.42268041237114,60.0,23.0,118.0,6249.0,23.764835301495705,0.3576919272906509,1.4283738154051588,0.0,0.0,5.0,5.0,0.0,1.0,78.53981633974483,31.41592653589793,1.0,1.0,3.5449077018110318
ID93739,93739,651,7.7880706787109375,629.5115200298352,776.278961591413,0.0,189.0,189,5.0,1,,67.20618556701031,60.0,31.0,126.0,6519.0,24.57384201422737,0.3283981669526843,1.3521928564313896,0.0,0.0,5.0,5.0,0.0,1.0,78.53981633974483,31.41592653589793,1.0,1.0,3.5449077018110318
ID93089,93089,651,8.312454223632812,624.782153612167,772.6346122656553,0.0,190.0,190,5.0,1,,68.51546391752578,63.0,31.0,120.0,6646.0,23.94573439834929,0.35944667398369395,1.5130829243003379,0.0,0.0,5.0,5.0,0.0,1.0,78.53981633974483,31.41592653589793,1.0,1.0,3.5449077018110318
ID93874,93874,651,8.504436492919922,619.6894487597975,771.6900169947372,0.0,191.0,191,5.0,1,,72.12371134020619,66.0,30.0,128.0,6996.0,25.014686407837985,0.3587606467514227,1.5225614779418761,0.0,0.0,5.0,5.0,0.0,1.0,78.53981633974483,31.41592653589793,1.0,1.0,3.5449077018110318
ID94022,94022,651,8.419384002685547,612.7672493963803,769.2546240713122,0.0,192.0,192,5.0,1,,69.55670103092784,62.0,35.0,130.0,6747.0,24.825629008548873,0.3743041344361537,1.5261965998976053,0.0,0.0,5.0,5.0,0.0,1.0,78.53981633974483,31.41592653589793,1.0,1.0,3.5449077018110318
ID94151,94151,651,8.105392456054688,606.3594414715287,769.3434141831034,0.0,193.0,193,5.0,1,,67.11340206185567,60.0,35.0,127.0,6510.0,24.694329767791082,0.35985524433364413,1.4383916799432699,0.0,0.0,5.0,5.0,0.0,1.0,78.53981633974483,31.41592653589793,1.0,1.0,3.5449077018110318
ID94279,94279,651,7.659980773925781,600.2267371101173,767.9446912411701,0.0,194.0,194,5.0,1,,63.855670103092784,56.0,30.0,111.0,6194.0,23.139967989534924,0.37576169703509493,1.5074260051635848,0.0,0.0,5.0,5.0,0.0,1.0,78.53981633974483,31.41592653589793,1.0,1.0,3.5449077018110318
ID94411,94411,651,8.564216613769531,594.6140257046006,768.3512641139495,0.0,195.0,195,5.0,1,,64.82474226804123,59.0,24.0,123.0,6288.0,25.394393372881197,0.40331253854003984,1.4673045693626172,0.0,0.0,5.0,5.0,0.0,1.0,78.53981633974483,31.41592653589793,1.0,1.0,3.5449077018110318
ID94527,94527,651,8.884544372558594,589.9234340299877,770.0680232239807,0.0,196.0,196,5.0,1,,65.98969072164948,61.0,32.0,112.0,6401.0,23.818976523177565,0.41474896087616275,1.624384793415184,0.0,0.0,5.0,5.0,0.0,1.0,78.53981633974483,31.41592653589793,1.0,1.0,3.5449077018110318
ID94773,94773,651,8.289234161376953,581.776963689404,771.1430959886909,0.0,197.0,197,5.0,1,,67.48453608247422,57.0,26.0,122.0,6546.0,26.3822515315939,0.3665763186378544,1.37231218847447,0.0,0.0,5.0,5.0,0.0,1.0,78.53981633974483,31.41592653589793,1.0,1.0,3.5449077018110318
ID94646,94646,651,8.368782043457031,574.3849269559586,771.8723102078579,0.0,198.0,198,5.0,1,,76.10309278350516,72.0,35.0,129.0,7382.0,23.76906451325023,0.32445044581245586,1.568674635201372,0.0,0.0,5.0,5.0,0.0,1.0,78.53981633974483,31.41592653589793,1.0,1.0,3.5449077018110318
ID94894,94894,651,10.687294006347656,570.0493362113531,772.9577822044215,0.0,199.0,199,5.0,1,,80.17525773195877,73.0,28.0,167.0,7777.0,32.77321388130809,0.40699936678696363,1.4153086457686161,0.0,0.0,5.0,5.0,0.0,1.0,78.53981633974483,31.41592653589793,1.0,1.0,3.5449077018110318
ID95062,95062,651,9.185920715332031,563.4271571125233,773.2366454822696,0.0,200.0,200,5.0,1,,75.58762886597938,70.0,30.0,141.0,7332.0,28.85334779005996,0.34921790753315674,1.3561224827982943,0.0,0.0,5.0,5.0,0.0,1.0,78.53981633974483,31.41592653589793,1.0,1.0,3.5449077018110318
ID95126,95126,651,8.687385559082031,554.5004326325572,775.5474360524736,0.0,201.0,201,5.0,1,,72.26804123711341,65.0,31.0,132.0,7010.0,25.18660170603176,0.35269916289732856,1.4962698074448633,0.0,0.0,5.0,5.0,0.0,1.0,78.53981633974483,31.41592653589793,1.0,1.0,3.5449077018110318
ID95484,95484,651,8.29262924194336,547.5405124320838,779.2679411168388,0.0,202.0,202,5.0,1,,70.0618556701031,65.0,35.0,125.0,6796.0,25.527686943538093,0.34620460472801556,1.411633429492517,0.0,0.0,5.0,5.0,0.0,1.0,78.53981633974483,31.41592653589793,1.0,1.0,3.5449077018110318
ID95201,95201,651,9.028732299804688,542.1092461227868,781.4713615302477,0.0,203.0,203,5.0,1,,75.14432989690722,73.0,28.0,131.0,7289.0,26.57026443018651,0.36521022028402106,1.513121237279396,0.0,0.0,5.0,5.0,0.0,1.0,78.53981633974483,31.41592653589793,1.0,1.0,3.5449077018110318
ID95842,95842,651,9.522796630859375,538.7599524655108,784.1350829993589,0.0,204.0,204,5.0,1,,76.1340206185567,76.0,28.0,134.0,7385.0,26.707376035618022,0.3792526719283496,1.5676978221141635,0.0,0.0,5.0,5.0,0.0,1.0,78.53981633974483,31.41592653589793,1.0,1.0,3.5449077018110318
ID95367,95367,651,8.657020568847656,536.2503920714096,785.8608042892477,0.0,205.0,205,5.0,1,,72.54639175257732,68.0,30.0,138.0,7037.0,26.687239701523986,0.3506176163903244,1.4113784399928415,0.0,0.0,5.0,5.0,0.0,1.0,78.53981633974483,31.41592653589793,1.0,1.0,3.5449077018110318
ID95608,95608,651,7.885028839111328,532.8816445486827,788.3894348684727,0.0,206.0,206,5.0,1,,70.80412371134021,67.0,36.0,127.0,6868.0,24.76120923577582,0.3217129049515118,1.3920282522396714,0.0,0.0,5.0,5.0,0.0,1.0,78.53981633974483,31.41592653589793,1.0,1.0,3.5449077018110318
ID95724,95724,651,7.847408294677734,527.4305333997545,792.1998541583616,0.0,207.0,207,5.0,1,,71.28865979381443,66.0,29.0,136.0,6915.0,25.174788464390407,0.3180037280924783,1.3664702740593568,0.0,0.0,5.0,5.0,0.0,1.0,78.53981633974483,31.41592653589793,1.0,1.0,3.5449077018110318
ID96073,96073,651,8.40936279296875,525.1404179341305,796.9195042268628,0.0,208.0,208,5.0,1,,74.0,68.0,33.0,123.0,7178.0,24.202703017087437,0.3456827820186599,1.5708434173478978,0.0,0.0,5.0,5.0,0.0,1.0,78.53981633974483,31.41592653589793,1.0,1.0,3.5449077018110318
ID95956,95956,651,7.76068115234375,521.8402692486875,803.1778002484851,0.0,209.0,209,5.0,1,,73.88659793814433,67.0,35.0,138.0,7167.0,25.90522642274615,0.3093440484593825,1.347709407028159,0.0,0.0,5.0,5.0,0.0,1.0,78.53981633974483,31.41592653589793,1.0,1.0,3.5449077018110318
ID96196,96196,651,8.806427001953125,520.1655437142784,807.7722327559326,0.0,210.0,210,5.0,1,,76.26804123711341,65.0,38.0,145.0,7398.0,27.622271910512392,0.3498396155539042,1.4311989520022939,0.0,0.0,5.0,5.0,0.0,1.0,78.53981633974483,31.41592653589793,1.0,1.0,3.5449077018110318
ID96554,96554,651,8.059158325195312,519.0054930460326,810.588451487974,0.0,211.0,211,5.0,1,,69.04123711340206,59.0,25.0,139.0,6697.0,28.33869466154493,0.31268970339348745,1.1606739045285868,0.0,0.0,5.0,5.0,0.0,1.0,78.53981633974483,31.41592653589793,1.0,1.0,3.5449077018110318
ID96321,96321,651,7.370658874511719,518.1265100982756,815.9083704035643,0.0,212.0,212,5.0,1,,72.81443298969072,64.0,29.0,120.0,7063.0,25.376880019397582,0.2775604322103993,1.2467671294177254,0.0,0.0,5.0,5.0,0.0,1.0,78.53981633974483,31.41592653589793,1.0,1.0,3.5449077018110318
ID96678,96678,651,7.4409637451171875,516.9586229076745,823.3893812914422,0.0,213.0,213,5.0,1,,79.65979381443299,78.0,28.0,138.0,7727.0,25.68311969868623,0.2553397081270739,1.2617650367765514,0.0,0.0,5.0,5.0,0.0,1.0,78.53981633974483,31.41592653589793,1.0,1.0,3.5449077018110318
ID96802,96802,651,11.129005432128906,514.7251603700696,827.6044066091262,0.0,214.0,214,5.0,1,,104.9278350515464,104.0,46.0,238.0,10178.0,36.091390773597354,0.3555502712512893,1.525114591416757,0.0,0.0,5.0,5.0,0.0,1.0,78.53981633974483,31.41592653589793,1.0,1.0,3.5449077018110318
ID96434,96434,651,9.631996154785156,513.600186837139,829.8540802623824,0.0,215.0,215,5.0,1,,101.02061855670104,102.0,51.0,204.0,9799.0,29.640196306930928,0.34168412232928363,1.7359350067990245,0.0,0.0,5.0,5.0,0.0,1.0,78.53981633974483,31.41592653589793,1.0,1.0,3.5449077018110318
ID96933,96933,651,6.5128173828125,509.1528393863432,830.3952896250172,0.0,216.0,216,5.0,1,,73.3917525773196,67.0,25.0,203.0,7119.0,29.245924467148313,0.24004640687913742,0.9715589831649342,0.0,0.0,5.0,5.0,0.0,1.0,78.53981633974483,31.41592653589793,1.0,1.0,3.5449077018110318
ID96937,96937,1418,7.727607727050781,515.9124160616042,838.8565948564395,0.0,216.0,216,5.0,1,,83.0,76.0,48.0,133.0,8051.0,24.027328191041132,0.2538895152198422,1.398904615247236,0.0,0.0,5.0,5.0,0.0,1.0,78.53981633974483,31.41592653589793,1.0,1.0,3.5449077018110318
ID97062,97062,651,6.5493011474609375,510.72762243035356,830.059566885818,0.0,217.0,217,5.0,1,,62.402061855670105,55.0,28.0,201.0,6053.0,27.688618221894004,0.2942201429366965,1.024688587997754,0.0,0.0,5.0,5.0,0.0,1.0,78.53981633974483,31.41592653589793,1.0,1.0,3.5449077018110318
ID97067,97067,1418,7.7691802978515625,516.6505474382757,846.8043218620487,0.0,217.0,217,5.0,1,,69.89690721649484,64.0,36.0,125.0,6780.0,25.10996006571333,0.31846746225271566,1.3447377101836193,0.0,0.0,5.0,5.0,0.0,1.0,78.53981633974483,31.41592653589793,1.0,1.0,3.5449077018110318
ID97182,97182,651,6.379528045654297,511.2748895767361,832.2917283760158,0.0,218.0,218,5.0,1,,58.608247422680414,54.0,28.0,177.0,5685.0,25.001481914841452,0.3040268648808956,1.0930710735266054,0.0,0.0,5.0,5.0,0.0,1.0,78.53981633974483,31.41592653589793,1.0,1.0,3.5449077018110318
ID97185,97185,1418,6.743949890136719,517.3444849045533,851.4648139361253,0.0,218.0,218,5.0,1,,67.78350515463917,63.0,35.0,115.0,6575.0,21.958875770082365,0.2875464352624487,1.37876104337369,0.0,0.0,5.0,5.0,0.0,1.0,78.53981633974483,31.41592653589793,1.0,1.0,3.5449077018110318
ID97309,97309,1418,8.427772521972656,518.1357240961106,854.0044435546536,0.0,219.0,219,5.0,1,,73.12371134020619,67.0,33.0,127.0,7093.0,25.46126867909651,0.33850496185530826,1.4526240661793324,0.0,0.0,5.0,5.0,0.0,1.0,78.53981633974483,31.41592653589793,1.0,1.0,3.5449077018110318
ID97431,97431,1418,8.128360748291016,518.1115821937389,856.912523614801,0.0,220.0,220,5.0,1,,71.94845360824742,65.0,36.0,121.0,6979.0,23.84427391692667,0.3451974853406233,1.5486345139800084,0.0,0.0,5.0,5.0,0.0,1.0,78.53981633974483,31.41592653589793,1.0,1.0,3.5449077018110318
ID97545,97545,1418,8.822174072265625,520.2697022398311,860.2612286520374,0.0,221.0,221,5.0,1,,75.4639175257732,67.0,41.0,134.0,7320.0,26.15819735111336,0.34885833226472623,1.4922592915791972,0.0,0.0,5.0,5.0,0.0,1.0,78.53981633974483,31.41592653589793,1.0,1.0,3.5449077018110318
ID97670,97670,1418,7.951026916503906,520.6460967156797,862.8741075336211,0.0,222.0,222,5.0,1,,74.69072164948453,70.0,38.0,137.0,7245.0,24.330776474432486,0.3000188140707824,1.4169010913097413,0.0,0.0,5.0,5.0,0.0,1.0,78.53981633974483,31.41592653589793,1.0,1.0,3.5449077018110318
ID97802,97802,1418,7.665473937988281,525.3838113089414,868.4709381227548,0.0,223.0,223,5.0,1,,73.79381443298969,65.0,36.0,145.0,7158.0,24.870053169897723,0.27248142115595286,1.2707458126297595,0.0,0.0,5.0,5.0,0.0,1.0,78.53981633974483,31.41592653589793,1.0,1.0,3.5449077018110318
ID98035,98035,1418,7.0880889892578125,529.266072949141,872.3468994545893,0.0,224.0,224,5.0,1,,75.09278350515464,74.0,27.0,121.0,7284.0,21.604437465786006,0.2759519087851308,1.503433878252357,0.0,0.0,5.0,5.0,0.0,1.0,78.53981633974483,31.41592653589793,1.0,1.0,3.5449077018110318
ID97924,97924,1418,9.135848999023438,532.7574452460208,875.1829605635862,0.0,225.0,225,5.0,1,,87.50515463917526,82.0,36.0,205.0,8488.0,31.27569733812908,0.3688090110483907,1.507701262763893,0.0,0.0,5.0,5.0,0.0,1.0,78.53981633974483,31.41592653589793,1.0,1.0,3.5449077018110318
ID98151,98151,1418,8.171241760253906,533.3368151177957,877.0527246646343,0.0,226.0,226,5.0,1,,75.5360824742268,71.0,36.0,132.0,7327.0,26.684523392029956,0.284265808586686,1.2531259058889967,0.0,0.0,5.0,5.0,0.0,1.0,78.53981633974483,31.41592653589793,1.0,1.0,3.5449077018110318
ID98637,98637,1418,7.612354278564453,537.1661730836076,882.8396998795209,0.0,227.0,227,5.0,1,,67.64948453608247,60.0,30.0,131.0,6562.0,24.334920569143623,0.3244709714468617,1.3620653948148607,0.0,0.0,5.0,5.0,0.0,1.0,78.53981633974483,31.41592653589793,1.0,1.0,3.5449077018110318
ID98268,98268,1418,9.432140350341797,540.0938325731033,885.1993501159084,0.0,228.0,228,5.0,1,,72.18556701030928,65.0,27.0,136.0,7002.0,27.456909382744325,0.3953060914928485,1.4896791314197388,0.0,0.0,5.0,5.0,0.0,1.0,78.53981633974483,31.41592653589793,1.0,1.0,3.5449077018110318
ID98397,98397,1418,7.921138763427734,543.2348625237302,888.1815111928729,0.0,229.0,229,5.0,1,,67.56701030927834,59.0,28.0,119.0,6554.0,23.716163271989057,0.33959581160856633,1.44447094683321,0.0,0.0,5.0,5.0,0.0,1.0,78.53981633974483,31.41592653589793,1.0,1.0,3.5449077018110318
ID98747,98747,1418,7.836711883544922,547.0486445632904,890.2257780694453,0.0,230.0,230,5.0,1,,66.73195876288659,61.0,28.0,137.0,6473.0,25.41018310635092,0.3430500286453091,1.3415947289883996,0.0,0.0,5.0,5.0,0.0,1.0,78.53981633974483,31.41592653589793,1.0,1.0,3.5449077018110318
ID98518,98518,1418,9.053451538085938,553.0169775007028,894.8115973475386,0.0,231.0,231,5.0,1,,79.11340206185567,73.0,36.0,137.0,7674.0,24.903930533426763,0.35455207972804,1.6630162380286342,0.0,0.0,5.0,5.0,0.0,1.0,78.53981633974483,31.41592653589793,1.0,1.0,3.5449077018110318
ID99102,99102,1418,7.551185607910156,558.8502379225877,897.7788816359673,0.0,232.0,232,5.0,1,,74.70103092783505,70.0,36.0,124.0,7246.0,23.632236523291304,0.29398935650961744,1.4363248356884886,0.0,0.0,5.0,5.0,0.0,1.0,78.53981633974483,31.41592653589793,1.0,1.0,3.5449077018110318
ID98864,98864,1418,9.229766845703125,563.4370565181946,901.0595660414252,0.0,233.0,233,5.0,1,,85.25773195876289,80.0,36.0,156.0,8270.0,29.282844220391897,0.32481152446632844,1.4276700414345869,0.0,0.0,5.0,5.0,0.0,1.0,78.53981633974483,31.41592653589793,1.0,1.0,3.5449077018110318
ID98987,98987,1418,8.816764831542969,565.1789972450125,901.8427926764017,0.0,234.0,234,5.0,1,,83.01030927835052,79.0,42.0,138.0,8052.0,25.395822673785357,0.3076422686387725,1.5380016328967065,0.0,0.0,5.0,5.0,0.0,1.0,78.53981633974483,31.41592653589793,1.0,1.0,3.5449077018110318
ID99463,99463,1418,7.553291320800781,570.1067224005743,905.991012168335,0.0,235.0,235,5.0,1,,79.6082474226804,73.0,28.0,127.0,7722.0,24.872406356003122,0.2761696214310579,1.3852806139819895,0.0,0.0,5.0,5.0,0.0,1.0,78.53981633974483,31.41592653589793,1.0,1.0,3.5449077018110318
ID99344,99344,1418,9.396751403808594,574.0635843001403,908.5240163848841,0.0,236.0,236,5.0,1,,82.56701030927834,74.0,38.0,181.0,8009.0,30.61995101798242,0.31835836310484433,1.3023114171017762,0.0,0.0,5.0,5.0,0.0,1.0,78.53981633974483,31.41592653589793,1.0,1.0,3.5449077018110318
ID99225,99225,1418,9.087043762207031,577.1320651524512,910.5988144067952,0.0,237.0,237,5.0,1,,82.3298969072165,75.0,43.0,143.0,7986.0,26.62381517296612,0.3242191415351985,1.514244719330011,0.0,0.0,5.0,5.0,0.0,1.0,78.53981633974483,31.41592653589793,1.0,1.0,3.5449077018110318
ID99586,99586,1418,8.3753662109375,583.1808373205499,912.8166459906635,0.0,238.0,238,5.0,1,,81.97938144329896,78.0,35.0,140.0,7952.0,26.34347617747897,0.30654244168064215,1.4602547953156864,0.0,0.0,5.0,5.0,0.0,1.0,78.53981633974483,31.41592653589793,1.0,1.0,3.5449077018110318
ID99818,99818,1418,9.494453430175781,591.0724310592221,912.6453080957679,0.0,239.0,239,5.0,1,,98.65979381443299,100.0,48.0,163.0,9570.0,28.94890851351241,0.2882622052290759,1.52518120354199,0.0,0.0,5.0,5.0,0.0,1.0,78.53981633974483,31.41592653589793,1.0,1.0,3.5449077018110318
ID99770,99770,1418,10.724609375,595.4035672517493,912.3572146656195,0.0,240.0,240,5.0,1,,94.48453608247422,90.0,42.0,160.0,9165.0,32.96339933739068,0.31161039689214626,1.3619646258006972,0.0,0.0,5.0,5.0,0.0,1.0,78.53981633974483,31.41592653589793,1.0,1.0,3.5449077018110318
ID100023,100023,1418,11.886436462402344,602.2331512190232,913.8870548087775,0.0,241.0,241,5.0,1,,110.55670103092784,104.0,53.0,187.0,10724.0,33.73146684729413,0.3444839115157929,1.6795509134772664,0.0,0.0,5.0,5.0,0.0,1.0,78.53981633974483,31.41592653589793,1.0,1.0,3.5449077018110318
ID100033,100033,1418,13.848136901855469,607.3247613944653,916.7114960386657,0.0,242.0,242,5.0,1,,107.9278350515464,101.0,49.0,232.0,10469.0,37.85588005368751,0.3939709355461118,1.611538106470703,0.0,0.0,5.0,5.0,0.0,1.0,78.53981633974483,31.41592653589793,1.0,1.0,3.5449077018110318
ID100165,100165,1418,8.456024169921875,611.5229393837983,917.9958939468855,0.0,243.0,243,5.0,1,,85.42268041237114,83.0,45.0,145.0,8286.0,24.966575594326436,0.28649054806753965,1.5238699675487384,0.0,0.0,5.0,5.0,0.0,1.0,78.53981633974483,31.41592653589793,1.0,1.0,3.5449077018110318
ID100452,100452,1418,7.3506927490234375,618.6830779063774,915.8704005404813,0.0,244.0,244,5.0,1,,75.26804123711341,74.0,33.0,120.0,7301.0,22.430687435556113,0.28112417587705935,1.4726684906627234,0.0,0.0,5.0,5.0,0.0,1.0,78.53981633974483,31.41592653589793,1.0,1.0,3.5449077018110318
ID100352,100352,1418,7.753791809082031,625.0649298219943,914.0104636157308,0.0,245.0,245,5.0,1,,69.54639175257732,63.0,33.0,121.0,6746.0,22.91379707119558,0.3236849841067278,1.4843812030517551,0.0,0.0,5.0,5.0,0.0,1.0,78.53981633974483,31.41592653589793,1.0,1.0,3.5449077018110318
ID100262,100262,1418,8.514381408691406,631.3211739230848,912.5938532017103,0.0,246.0,246,5.0,1,,72.10309278350516,65.0,28.0,126.0,6994.0,24.64898769730145,0.34170302668278196,1.4899689822103375,0.0,0.0,5.0,5.0,0.0,1.0,78.53981633974483,31.41592653589793,1.0,1.0,3.5449077018110318
ID100739,100739,1418,7.710437774658203,635.9940282465453,909.4924780277179,0.0,247.0,247,5.0,1,,72.64948453608247,68.0,33.0,119.0,7047.0,23.24105618167691,0.3257538371901203,1.5361489195228404,0.0,0.0,5.0,5.0,0.0,1.0,78.53981633974483,31.41592653589793,1.0,1.0,3.5449077018110318
ID100543,100543,1418,7.585166931152344,640.4467526321232,908.9362805121625,0.0,248.0,248,5.0,1,,68.9381443298969,59.0,35.0,127.0,6687.0,23.182614909035145,0.3108518266437526,1.4103502622442021,0.0,0.0,5.0,5.0,0.0,1.0,78.53981633974483,31.41592653589793,1.0,1.0,3.5449077018110318
ID100637,100637,1418,8.878982543945312,647.0031748330356,904.4549384890449,0.0,249.0,249,5.0,1,,80.0721649484536,74.0,41.0,132.0,7767.0,25.461673576295844,0.32799766753357945,1.553452804801448,0.0,0.0,5.0,5.0,0.0,1.0,78.53981633974483,31.41592653589793,1.0,1.0,3.5449077018110318
ID100835,100835,1418,7.564353942871094,651.559385496505,899.5265138272094,0.0,250.0,250,5.0,1,,79.5979381443299,73.0,43.0,135.0,7721.0,22.80061210518555,0.29242298235746583,1.5797637260441237,0.0,0.0,5.0,5.0,0.0,1.0,78.53981633974483,31.41592653589793,1.0,1.0,3.5449077018110318
ID101031,101031,1418,8.7681884765625,658.0562639974927,896.3964247022287,0.0,251.0,251,5.0,1,,101.21649484536083,106.0,54.0,158.0,9818.0,26.383875601445997,0.25284657887964296,1.5484667667480319,0.0,0.0,5.0,5.0,0.0,1.0,78.53981633974483,31.41592653589793,1.0,1.0,3.5449077018110318
ID101130,101130,1418,11.931365966796875,664.1873004175836,892.2855994389225,0.0,252.0,252,5.0,1,,105.38144329896907,107.0,43.0,226.0,10222.0,35.50981181863949,0.3354489957184648,1.4908877879132267,0.0,0.0,5.0,5.0,0.0,1.0,78.53981633974483,31.41592653589793,1.0,1.0,3.5449077018110318
ID100930,100930,1418,8.10748291015625,661.9187256072797,888.7308307334831,0.0,253.0,253,5.0,1,,89.94845360824742,84.0,44.0,144.0,8725.0,26.103308831616786,0.23166111226114605,1.296253801692626,0.0,0.0,5.0,5.0,0.0,1.0,78.53981633974483,31.41592653589793,1.0,1.0,3.5449077018110318
ID101312,101312,1418,7.8311614990234375,661.3521912160197,893.4985242867448,0.0,254.0,254,5.0,1,,75.42268041237114,70.0,34.0,241.0,7316.0,34.23869492607085,0.25875595733159057,0.9056566371717132,0.0,0.0,5.0,5.0,0.0,1.0,78.53981633974483,31.41592653589793,1.0,1.0,3.5449077018110318
ID101298,101298,1626,5.984714508056641,625.8457668954766,718.1498705292853,0.0,254.0,254,5.0,1,,58.50515463917526,55.0,18.0,181.0,5675.0,26.25044591341109,0.30643105266955517,1.0455233117627285,0.0,0.0,5.0,5.0,0.0,1.0,78.53981633974483,31.41592653589793,1.0,1.0,3.5449077018110318
ID101310,101310,1627,8.4212646484375,666.0868752285227,881.2720456192716,0.0,254.0,254,5.0,1,,81.4020618556701,76.0,41.0,140.0,7896.0,25.49005516610613,0.2884427103882629,1.429845394118098,0.0,0.0,5.0,5.0,0.0,1.0,78.53981633974483,31.41592653589793,1.0,1.0,3.5449077018110318
ID101504,101504,1418,5.986141204833984,662.1735639357853,894.9095384270804,0.0,255.0,255,5.0,1,,59.56701030927835,56.0,17.0,217.0,5778.0,29.77306781321517,0.26427376497876826,0.8364214047753349,0.0,0.0,5.0,5.0,0.0,1.0,78.53981633974483,31.41592653589793,1.0,1.0,3.5449077018110318
ID101489,101489,1626,8.266761779785156,623.3098073077716,716.4878853977063,0.0,255.0,255,5.0,1,,67.41237113402062,58.0,36.0,200.0,6539.0,31.03551479666735,0.3453601460782541,1.1151782902523972,0.0,0.0,5.0,5.0,0.0,1.0,78.53981633974483,31.41592653589793,1.0,1.0,3.5449077018110318
ID101501,101501,1627,7.80914306640625,666.6967876517131,876.5148497358066,0.0,255.0,255,5.0,1,,79.0,71.0,47.0,133.0,7663.0,22.460613675201902,0.28245199588103453,1.5493124081959775,0.0,0.0,5.0,5.0,0.0,1.0,78.53981633974483,31.41592653589793,1.0,1.0,3.5449077018110318
ID101410,101410,1418,6.152790069580078,663.709556309196,894.9500736481856,0.0,256.0,256,5.0,1,,59.855670103092784,55.0,20.0,192.0,5806.0,28.295313838573477,0.31889897929949534,1.022968768151258,0.0,0.0,5.0,5.0,0.0,1.0,78.53981633974483,31.41592653589793,1.0,1.0,3.5449077018110318
ID101395,101395,1626,7.658031463623047,622.2397378945293,719.4856368960081,0.0,256.0,256,5.0,1,,66.94845360824742,60.0,34.0,186.0,6494.0,28.398712974806262,0.3106442135100748,1.1175072289098955,0.0,0.0,5.0,5.0,0.0,1.0,78.53981633974483,31.41592653589793,1.0,1.0,3.5449077018110318
ID101406,101406,1627,10.164436340332031,667.9078465295812,872.6741996785579,0.0,256.0,256,5.0,1,,84.88659793814433,75.0,43.0,158.0,8234.0,27.35944241659685,0.3362233110267343,1.561387357239014,0.0,0.0,5.0,5.0,0.0,1.0,78.53981633974483,31.41592653589793,1.0,1.0,3.5449077018110318
ID101222,101222,1418,6.796268463134766,662.871557581001,892.79315885625,0.0,257.0,257,5.0,1,,56.77319587628866,49.0,24.0,183.0,5507.0,29.440796933082204,0.3303377187388312,0.9576791596850865,0.0,0.0,5.0,5.0,0.0,1.0,78.53981633974483,31.41592653589793,1.0,1.0,3.5449077018110318
ID101209,101209,1626,7.220817565917969,620.4496904342288,717.2016117136774,0.0,257.0,257,5.0,1,,64.45360824742268,58.0,32.0,198.0,6252.0,29.068891096037095,0.30659580814392123,1.0405757917249676,0.0,0.0,5.0,5.0,0.0,1.0,78.53981633974483,31.41592653589793,1.0,1.0,3.5449077018110318
ID101218,101218,1627,8.80853271484375,668.193420714041,866.7975293289009,0.0,257.0,257,5.0,1,,79.05154639175258,73.0,38.0,136.0,7668.0,24.190378224108642,0.32814704968989267,1.614804864136956,0.0,0.0,5.0,5.0,0.0,1.0,78.53981633974483,31.41592653589793,1.0,1.0,3.5449077018110318
ID101600,101600,1418,6.915386199951172,662.8939860706284,890.7368610307525,0.0,258.0,258,5.0,1,,60.56701030927835,54.0,24.0,191.0,5875.0,28.602486494655952,0.305241691467226,0.9904105485522002,0.0,0.0,5.0,5.0,0.0,1.0,78.53981633974483,31.41592653589793,1.0,1.0,3.5449077018110318
ID101584,101584,1626,7.2465057373046875,621.3689257588287,718.1039119513473,0.0,258.0,258,5.0,1,,65.09278350515464,59.0,31.0,192.0,6314.0,29.11796498520673,0.3323879373030781,1.1153633806436496,0.0,0.0,5.0,5.0,0.0,1.0,78.53981633974483,31.41592653589793,1.0,1.0,3.5449077018110318
ID101595,101595,1627,8.43511962890625,669.9684491437874,862.2457876293666,0.0,258.0,258,5.0,1,,82.68041237113403,77.0,48.0,150.0,8020.0,22.101351010624786,0.30334227955132276,1.7413588201864307,0.0,0.0,5.0,5.0,0.0,1.0,78.53981633974483,31.41592653589793,1.0,1.0,3.5449077018110318
ID101828,101828,1418,7.428272247314453,663.472872510343,887.4235087532259,0.0,259.0,259,5.0,1,,66.84536082474227,61.0,30.0,195.0,6484.0,28.78379904788223,0.29293037517192017,1.0523069114365946,0.0,0.0,5.0,5.0,0.0,1.0,78.53981633974483,31.41592653589793,1.0,1.0,3.5449077018110318
ID101788,101788,1626,8.106666564941406,619.2660883351414,716.431480781745,0.0,259.0,259,5.0,1,,73.77319587628865,67.0,38.0,172.0,7156.0,27.914491888413735,0.30472004898292393,1.2344757403508648,0.0,0.0,5.0,5.0,0.0,1.0,78.53981633974483,31.41592653589793,1.0,1.0,3.5449077018110318
ID101818,101818,1627,8.197525024414062,672.2826326975091,854.135330207479,0.0,259.0,259,5.0,1,,79.11340206185567,76.0,35.0,141.0,7674.0,22.29624234440442,0.3089757897982818,1.675101845046751,0.0,0.0,5.0,5.0,0.0,1.0,78.53981633974483,31.41592653589793,1.0,1.0,3.5449077018110318
ID101858,101858,1418,7.588523864746094,664.8001251030394,887.0527386209135,0.0,260.0,260,5.0,1,,68.30927835051547,60.0,31.0,209.0,6626.0,32.60219855340225,0.2845186241557943,0.9281819089059868,0.0,0.0,5.0,5.0,0.0,1.0,78.53981633974483,31.41592653589793,1.0,1.0,3.5449077018110318
ID101826,101826,1626,7.795684814453125,620.5429355652763,713.8851719967442,0.0,260.0,260,5.0,1,,65.58762886597938,57.0,29.0,203.0,6362.0,31.14273342789333,0.3226852352864285,1.0275850719575639,0.0,0.0,5.0,5.0,0.0,1.0,78.53981633974483,31.41592653589793,1.0,1.0,3.5449077018110318
ID101852,101852,1627,8.0972900390625,673.6259272402172,844.3896672878369,0.0,260.0,260,5.0,1,,79.10309278350516,76.0,45.0,134.0,7673.0,22.597236435053702,0.31179211009958546,1.6640571466152294,0.0,0.0,5.0,5.0,0.0,1.0,78.53981633974483,31.41592653589793,1.0,1.0,3.5449077018110318
ID101800,101800,1418,7.890651702880859,661.8230288317334,888.4438799726494,0.0,261.0,261,5.0,1,,61.27835051546392,52.0,27.0,197.0,5944.0,33.510179506893,0.3120445553789773,0.869817886070795,0.0,0.0,5.0,5.0,0.0,1.0,78.53981633974483,31.41592653589793,1.0,1.0,3.5449077018110318
ID101763,101763,1626,6.725322723388672,618.5114742928416,715.3484753507094,0.0,261.0,261,5.0,1,,62.876288659793815,59.0,26.0,190.0,6099.0,27.11098245021393,0.292894872975269,1.0508003172004738,0.0,0.0,5.0,5.0,0.0,1.0,78.53981633974483,31.41592653589793,1.0,1.0,3.5449077018110318
ID101786,101786,1627,9.035270690917969,674.8573718451596,837.1002619780154,0.0,261.0,261,5.0,1,,73.38144329896907,66.0,37.0,140.0,7118.0,25.41753139197148,0.3677415376717497,1.5524639627429864,0.0,0.0,5.0,5.0,0.0,1.0,78.53981633974483,31.41592653589793,1.0,1.0,3.5449077018110318
ID102050,102050,1418,8.640861511230469,658.9783418017344,890.5834573009079,0.0,262.0,262,5.0,1,,62.154639175257735,53.0,23.0,218.0,6029.0,36.061966404540385,0.3233614027644629,0.8422942911167689,0.0,0.0,5.0,5.0,0.0,1.0,78.53981633974483,31.41592653589793,1.0,1.0,3.5449077018110318
ID102017,102017,1626,6.997016906738281,617.1599597977449,710.937748698447,0.0,262.0,262,5.0,1,,60.18556701030928,53.0,23.0,185.0,5838.0,30.998094664869864,0.33074088816763114,0.9651209410556513,0.0,0.0,5.0,5.0,0.0,1.0,78.53981633974483,31.41592653589793,1.0,1.0,3.5449077018110318
ID102033,102033,1627,8.208080291748047,673.4099495386627,831.5923656483748,0.0,262.0,262,5.0,1,,68.85567010309278,63.0,37.0,136.0,6679.0,21.38145111749982,0.3620535828086364,1.7120292678887716,0.0,0.0,5.0,5.0,0.0,1.0,78.53981633974483,31.41592653589793,1.0,1.0,3.5449077018110318
ID102097,102097,1418,6.772377014160156,662.0721062161725,892.784955815946,0.0,263.0,263,5.0,1,,56.649484536082475,48.0,24.0,218.0,5495.0,34.17328428914214,0.31218852830767013,0.7887873596598016,0.0,0.0,5.0,5.0,0.0,1.0,78.53981633974483,31.41592653589793,1.0,1.0,3.5449077018110318
ID102074,102074,1626,6.3946990966796875,618.3630338789844,712.3838683635503,0.0,263.0,263,5.0,1,,55.03092783505155,48.0,18.0,198.0,5338.0,29.414938667936873,0.33334203224624886,0.9354431356306193,0.0,0.0,5.0,5.0,0.0,1.0,78.53981633974483,31.41592653589793,1.0,1.0,3.5449077018110318
ID102081,102081,1627,7.843936920166016,674.3470771570117,827.5518735916883,0.0,263.0,263,5.0,1,,69.41237113402062,63.0,35.0,119.0,6733.0,20.88298379129504,0.35985708434427716,1.7591833794845868,0.0,0.0,5.0,5.0,0.0,1.0,78.53981633974483,31.41592653589793,1.0,1.0,3.5449077018110318
ID102209,102209,1418,8.664005279541016,659.5999700337516,892.9415515904132,0.0,264.0,264,5.0,1,,62.97938144329897,54.0,24.0,207.0,6109.0,34.12751192874651,0.3649939804640212,0.9869126718330179,0.0,0.0,5.0,5.0,0.0,1.0,78.53981633974483,31.41592653589793,1.0,1.0,3.5449077018110318
ID102193,102193,1626,6.725406646728516,620.2897616592295,712.5043726771614,0.0,264.0,264,5.0,1,,56.618556701030926,50.0,24.0,215.0,5492.0,33.06699112501553,0.30298578482253713,0.7962999466339483,0.0,0.0,5.0,5.0,0.0,1.0,78.53981633974483,31.41592653589793,1.0,1.0,3.5449077018110318
ID102197,102197,1627,8.645210266113281,675.175408442058,821.7016113116663,0.0,264.0,264,5.0,1,,72.51546391752578,65.0,42.0,126.0,7034.0,21.426285162768853,0.35674716701393017,1.779817015077585,0.0,0.0,5.0,5.0,0.0,1.0,78.53981633974483,31.41592653589793,1.0,1.0,3.5449077018110318
ID102303,102303,1418,8.858070373535156,655.3052663455827,895.3203437794647,0.0,265.0,265,5.0,1,,61.96907216494845,54.0,21.0,218.0,6011.0,37.24481328773831,0.3424868726213006,0.8489323238653764,0.0,0.0,5.0,5.0,0.0,1.0,78.53981633974483,31.41592653589793,1.0,1.0,3.5449077018110318
ID102284,102284,1626,6.428836822509766,620.1201758946761,715.2766774758378,0.0,265.0,265,5.0,1,,54.01030927835052,47.0,13.0,199.0,5239.0,29.771524022321795,0.27633490914859166,0.7855551812684265,0.0,0.0,5.0,5.0,0.0,1.0,78.53981633974483,31.41592653589793,1.0,1.0,3.5449077018110318
ID102291,102291,1627,7.490657806396484,674.9734949887004,815.2448503493817,0.0,265.0,265,5.0,1,,64.21649484536083,56.0,29.0,119.0,6229.0,23.361839790976305,0.3453200507545693,1.4111257991801827,0.0,0.0,5.0,5.0,0.0,1.0,78.53981633974483,31.41592653589793,1.0,1.0,3.5449077018110318
ID102508,102508,1418,8.256092071533203,654.754488450918,896.5287274942748,0.0,266.0,266,5.0,1,,61.22680412371134,54.0,21.0,228.0,5939.0,35.35401472800955,0.33699407083165855,0.8730228819175916,0.0,0.0,5.0,5.0,0.0,1.0,78.53981633974483,31.41592653589793,1.0,1.0,3.5449077018110318
ID102495,102495,1627,8.299663543701172,674.898700846395,810.9910512108901,0.0,266.0,266,5.0,1,,70.79381443298969,66.0,30.0,121.0,6867.0,21.432033143720627,0.36540018147406506,1.7679530963894794,0.0,0.0,5.0,5.0,0.0,1.0,78.53981633974483,31.41592653589793,1.0,1.0,3.5449077018110318
ID102405,102405,1418,7.47430419921875,652.4408700135857,896.1129730501705,0.0,267.0,267,5.0,1,,57.329896907216494,48.0,22.0,224.0,5561.0,33.18719684402799,0.32884781023134385,0.8549885415141798,0.0,0.0,5.0,5.0,0.0,1.0,78.53981633974483,31.41592653589793,1.0,1.0,3.5449077018110318
ID102389,102389,1626,6.375911712646484,620.1757308697727,717.296246613066,0.0,267.0,267,5.0,1,,57.329896907216494,52.0,14.0,198.0,5561.0,31.93832652207889,0.25293814747169463,0.7247424523110022,0.0,0.0,5.0,5.0,0.0,1.0,78.53981633974483,31.41592653589793,1.0,1.0,3.5449077018110318
ID102393,102393,1627,8.406391143798828,673.7001840127338,806.362945014507,0.0,267.0,267,5.0,1,,73.17525773195877,67.0,39.0,130.0,7098.0,21.263236225387523,0.3535088689843653,1.797645701222449,0.0,0.0,5.0,5.0,0.0,1.0,78.53981633974483,31.41592653589793,1.0,1.0,3.5449077018110318
ID102725,102725,1418,6.856945037841797,656.1531369859903,895.7943970315833,0.0,268.0,268,5.0,1,,56.402061855670105,52.0,16.0,213.0,5471.0,31.351388789618245,0.33103660825450254,0.894858186938984,0.0,0.0,5.0,5.0,0.0,1.0,78.53981633974483,31.41592653589793,1.0,1.0,3.5449077018110318
ID102707,102707,1626,6.798557281494141,622.6341739224194,717.7781133692346,0.0,268.0,268,5.0,1,,59.391752577319586,50.0,21.0,201.0,5761.0,35.03050953009597,0.2518282456503787,0.6821334956625081,0.0,0.0,5.0,5.0,0.0,1.0,78.53981633974483,31.41592653589793,1.0,1.0,3.5449077018110318
ID102711,102711,1627,9.029067993164062,672.6601826960286,800.7673347771006,0.0,268.0,268,5.0,1,,78.97938144329896,73.0,43.0,136.0,7661.0,25.231420301812882,0.3352357825198824,1.5717896751956304,0.0,0.0,5.0,5.0,0.0,1.0,78.53981633974483,31.41592653589793,1.0,1.0,3.5449077018110318
ID102616,102616,1418,8.514949798583984,658.484156109328,896.1106303944675,0.0,269.0,269,5.0,1,,65.54639175257732,57.0,19.0,181.0,6358.0,30.158270223714723,0.3785469524333083,1.1936322614943642,0.0,0.0,5.0,5.0,0.0,1.0,78.53981633974483,31.41592653589793,1.0,1.0,3.5449077018110318
ID102601,102601,1626,7.792255401611328,624.9613746532394,717.0527595060007,0.0,269.0,269,5.0,1,,63.18556701030928,55.0,21.0,202.0,6129.0,32.909702817237665,0.28706425871482566,0.856451581068245,0.0,0.0,5.0,5.0,0.0,1.0,78.53981633974483,31.41592653589793,1.0,1.0,3.5449077018110318
ID102604,102604,1627,7.629669189453125,671.1124900427078,797.4924279723781,0.0,269.0,269,5.0,1,,77.27835051546391,74.0,46.0,122.0,7496.0,18.868372052658007,0.30404609568951557,1.9098528003084758,0.0,0.0,5.0,5.0,0.0,1.0,78.53981633974483,31.41592653589793,1.0,1.0,3.5449077018110318
ID102946,102946,1418,8.075279235839844,660.3886220716208,895.2030916157107,0.0,270.0,270,5.0,1,,65.87628865979381,60.0,31.0,183.0,6390.0,28.98104902775503,0.3475003471985894,1.1723880283253678,0.0,0.0,5.0,5.0,0.0,1.0,78.53981633974483,31.41592653589793,1.0,1.0,3.5449077018110318
ID102932,102932,1626,7.459415435791016,618.6280422825361,716.501980054989,0.0,270.0,270,5.0,1,,61.78350515463917,57.0,17.0,229.0,5993.0,32.25427194061655,0.30624746354622867,0.8981778405091635,0.0,0.0,5.0,5.0,0.0,1.0,78.53981633974483,31.41592653589793,1.0,1.0,3.5449077018110318
ID102934,102934,1627,7.813751220703125,671.1763080246243,791.3272061483195,0.0,270.0,270,5.0,1,,77.80412371134021,74.0,44.0,132.0,7547.0,21.127903733006796,0.30913040326422403,1.7391418800057952,0.0,0.0,5.0,5.0,0.0,1.0,78.53981633974483,31.41592653589793,1.0,1.0,3.5449077018110318
ID103163,103163,1418,8.166141510009766,661.1659025801192,897.3006720451509,0.0,271.0,271,5.0,1,,63.0,56.0,23.0,227.0,6111.0,33.15211154662701,0.35337261031621975,0.9923727990922057,0.0,0.0,5.0,5.0,0.0,1.0,78.53981633974483,31.41592653589793,1.0,1.0,3.5449077018110318
ID103147,103147,1626,8.156318664550781,619.5885384823263,716.3147786655423,0.0,271.0,271,5.0,1,,62.391752577319586,52.0,15.0,228.0,6052.0,37.59669663598312,0.30990963124427345,0.7852378595408206,0.0,0.0,5.0,5.0,0.0,1.0,78.53981633974483,31.41592653589793,1.0,1.0,3.5449077018110318
ID103149,103149,1627,7.945709228515625,670.2061660023966,787.2647649065686,0.0,271.0,271,5.0,1,,74.80412371134021,70.0,39.0,128.0,7256.0,22.207655950547085,0.3150429994163955,1.613922569045072,0.0,0.0,5.0,5.0,0.0,1.0,78.53981633974483,31.41592653589793,1.0,1.0,3.5449077018110318
ID102837,102837,1418,8.318607330322266,662.2311263498847,898.6481523337538,0.0,272.0,272,5.0,1,,67.15463917525773,63.0,25.0,195.0,6514.0,31.372539812637623,0.36808362325649374,1.151834778906978,0.0,0.0,5.0,5.0,0.0,1.0,78.53981633974483,31.41592653589793,1.0,1.0,3.5449077018110318
ID102821,102821,1626,7.690216064453125,619.2634177906602,711.2667541098308,0.0,272.0,272,5.0,1,,57.577319587628864,46.0,19.0,200.0,5585.0,35.759857339022155,0.2916130752546392,0.7270432074767493,0.0,0.0,5.0,5.0,0.0,1.0,78.53981633974483,31.41592653589793,1.0,1.0,3.5449077018110318
ID102825,102825,1627,8.66009521484375,667.1258406676149,781.4224058276943,0.0,272.0,272,5.0,1,,77.1340206185567,71.0,34.0,130.0,7482.0,21.348120948721395,0.36574880056232584,1.9352113094826278,0.0,0.0,5.0,5.0,0.0,1.0,78.53981633974483,31.41592653589793,1.0,1.0,3.5449077018110318
ID103264,103264,1418,7.705848693847656,663.5893283910904,896.5331728371921,0.0,273.0,273,5.0,1,,61.02061855670103,56.0,20.0,208.0,5919.0,30.523549440501437,0.35716577389126025,1.0522247271628755,0.0,0.0,5.0,5.0,0.0,1.0,78.53981633974483,31.41592653589793,1.0,1.0,3.5449077018110318
ID103252,103252,1627,7.923118591308594,667.8337425278909,775.9054220350276,0.0,273.0,273,5.0,1,,72.0721649484536,67.0,40.0,122.0,6991.0,18.725120951256237,0.3511322006519168,2.00053312058489,0.0,0.0,5.0,5.0,0.0,1.0,78.53981633974483,31.41592653589793,1.0,1.0,3.5449077018110318
ID103060,103060,1418,6.843742370605469,664.8307741358357,893.8412416221713,0.0,274.0,274,5.0,1,,61.31958762886598,55.0,25.0,197.0,5948.0,29.192802477577334,0.3453856138982713,1.0784770238323615,0.0,0.0,5.0,5.0,0.0,1.0,78.53981633974483,31.41592653589793,1.0,1.0,3.5449077018110318
ID103042,103042,1626,6.530910491943359,622.2731303235641,711.9647186288853,0.0,274.0,274,5.0,1,,56.47422680412371,51.0,17.0,223.0,5478.0,33.63718576699044,0.2591018985534218,0.6909877562751049,0.0,0.0,5.0,5.0,0.0,1.0,78.53981633974483,31.41592653589793,1.0,1.0,3.5449077018110318
ID103044,103044,1627,7.173564910888672,663.9147737443161,769.615520913012,0.0,274.0,274,5.0,1,,66.0721649484536,61.0,30.0,113.0,6409.0,19.5891378397785,0.3283158362817315,1.6673381674274286,0.0,0.0,5.0,5.0,0.0,1.0,78.53981633974483,31.41592653589793,1.0,1.0,3.5449077018110318
ID103975,103975,1418,6.830726623535156,663.0080766708594,891.1913933181521,0.0,275.0,275,5.0,1,,57.824742268041234,53.0,22.0,205.0,5609.0,28.906822403081573,0.31615020383004355,0.9610176366419576,0.0,0.0,5.0,5.0,0.0,1.0,78.53981633974483,31.41592653589793,1.0,1.0,3.5449077018110318
ID103962,103962,1626,6.372211456298828,623.940348380892,713.7563686777927,0.0,275.0,275,5.0,1,,57.618556701030926,54.0,13.0,204.0,5589.0,31.1048104864053,0.29086057112866226,0.8347767184677946,0.0,0.0,5.0,5.0,0.0,1.0,78.53981633974483,31.41592653589793,1.0,1.0,3.5449077018110318
ID103963,103963,1627,7.559135437011719,661.9290436587715,763.9696641343056,0.0,275.0,275,5.0,1,,65.28865979381443,64.0,30.0,110.0,6333.0,20.64075598325162,0.3646698608912256,1.6904970648394766,0.0,0.0,5.0,5.0,0.0,1.0,78.53981633974483,31.41592653589793,1.0,1.0,3.5449077018110318
ID103356,103356,1626,7.061927795410156,622.2793336155354,715.2612044338961,0.0,276.0,276,5.0,1,,58.07216494845361,48.0,17.0,199.0,5633.0,32.52058560316079,0.29218867493320333,0.8075642848621938,0.0,0.0,5.0,5.0,0.0,1.0,78.53981633974483,31.41592653589793,1.0,1.0,3.5449077018110318
ID103358,103358,1627,8.413448333740234,658.834521985224,759.6715394516909,0.0,276.0,276,5.0,1,,71.09278350515464,64.0,39.0,129.0,6896.0,21.3312576175525,0.37417656425373375,1.8149852450169337,0.0,0.0,5.0,5.0,0.0,1.0,78.53981633974483,31.41592653589793,1.0,1.0,3.5449077018110318
ID103460,103460,1626,7.035430908203125,620.5427876599988,712.5713302650274,0.0,277.0,277,5.0,1,,65.16494845360825,60.0,22.0,204.0,6321.0,32.34761725265709,0.2903375197517779,0.906570520658471,0.0,0.0,5.0,5.0,0.0,1.0,78.53981633974483,31.41592653589793,1.0,1.0,3.5449077018110318
ID103462,103462,1627,8.117324829101562,654.9008975677531,752.6686606984053,0.0,277.0,277,5.0,1,,75.84536082474227,72.0,45.0,127.0,7357.0,20.476785741310394,0.32807494483407107,1.8299857687521057,0.0,0.0,5.0,5.0,0.0,1.0,78.53981633974483,31.41592653589793,1.0,1.0,3.5449077018110318
ID103561,103561,1626,8.172760009765625,622.5044303391321,713.7247804611357,0.0,278.0,278,5.0,1,,63.93814432989691,56.0,25.0,186.0,6202.0,32.74071574284765,0.3081762194282116,0.9200993567361729,0.0,0.0,5.0,5.0,0.0,1.0,78.53981633974483,31.41592653589793,1.0,1.0,3.5449077018110318
ID103563,103563,1627,8.164543151855469,652.6737494095371,747.7572160466387,0.0,278.0,278,5.0,1,,75.19587628865979,71.0,42.0,129.0,7294.0,20.340660825496048,0.3383916913662154,1.8693706573167697,0.0,0.0,5.0,5.0,0.0,1.0,78.53981633974483,31.41592653589793,1.0,1.0,3.5449077018110318
ID103656,103656,1626,6.831874847412109,624.0749560061901,712.4716821402494,0.0,279.0,279,5.0,1,,64.19587628865979,60.0,27.0,202.0,6227.0,29.559135353015137,0.3027049200482883,1.009296639900164,0.0,0.0,5.0,5.0,0.0,1.0,78.53981633974483,31.41592653589793,1.0,1.0,3.5449077018110318
ID103657,103657,1627,7.402431488037109,652.0008099106371,742.5057606676721,0.0,279.0,279,5.0,1,,72.50515463917526,66.0,43.0,120.0,7033.0,20.354731079520253,0.31673987344977717,1.7137057804666016,0.0,0.0,5.0,5.0,0.0,1.0,78.53981633974483,31.41592653589793,1.0,1.0,3.5449077018110318
ID103753,103753,1626,7.917633056640625,625.442562283891,710.8993096788946,0.0,280.0,280,5.0,1,,70.61855670103093,64.0,26.0,215.0,6850.0,32.49501349533272,0.3370959642032942,1.0957792855292854,0.0,0.0,5.0,5.0,0.0,1.0,78.53981633974483,31.41592653589793,1.0,1.0,3.5449077018110318
ID103755,103755,1627,7.532310485839844,649.673635594499,738.9823336520922,0.0,280.0,280,5.0,1,,72.68041237113403,69.0,40.0,120.0,7050.0,19.741847680198997,0.31130474614031256,1.7480010553774772,0.0,0.0,5.0,5.0,0.0,1.0,78.53981633974483,31.41592653589793,1.0,1.0,3.5449077018110318
ID103858,103858,1626,8.605819702148438,623.5901466431476,711.4626074530499,0.0,281.0,281,5.0,1,,72.78350515463917,64.0,34.0,194.0,7060.0,31.22206311386086,0.3302866463710442,1.1575696960851425,0.0,0.0,5.0,5.0,0.0,1.0,78.53981633974483,31.41592653589793,1.0,1.0,3.5449077018110318
ID103861,103861,1627,8.009124755859375,648.3586749242191,734.1334896986308,0.0,281.0,281,5.0,1,,74.58762886597938,68.0,42.0,134.0,7235.0,21.087492628589697,0.32716947218630665,1.7438866098429027,0.0,0.0,5.0,5.0,0.0,1.0,78.53981633974483,31.41592653589793,1.0,1.0,3.5449077018110318
ID104372,104372,1626,7.875144958496094,621.9031163003189,711.5359061294508,0.0,282.0,282,5.0,1,,70.89690721649484,61.0,28.0,175.0,6877.0,30.394450060853522,0.3475741032464349,1.2032552086845092,0.0,0.0,5.0,5.0,0.0,1.0,78.53981633974483,31.41592653589793,1.0,1.0,3.5449077018110318
ID104374,104374,1627,7.325279235839844,647.9842124734885,729.2175401194299,0.0,282.0,282,5.0,1,,73.12371134020619,70.0,40.0,126.0,7093.0,19.142153381541853,0.3122440857776669,1.8179294555277232,0.0,0.0,5.0,5.0,0.0,1.0,78.53981633974483,31.41592653589793,1.0,1.0,3.5449077018110318
ID104070,104070,1626,7.515750885009766,623.4114440112374,710.8192508132295,0.0,283.0,283,5.0,1,,67.54639175257732,59.0,31.0,164.0,6552.0,27.30232767036414,0.330697607271512,1.229657469535257,0.0,0.0,5.0,5.0,0.0,1.0,78.53981633974483,31.41592653589793,1.0,1.0,3.5449077018110318
ID104072,104072,1627,9.306236267089844,645.7311540505974,725.1398752296436,0.0,283.0,283,5.0,1,,76.6701030927835,69.0,38.0,140.0,7437.0,24.892988323975782,0.3668054308323896,1.6531340408307031,0.0,0.0,5.0,5.0,0.0,1.0,78.53981633974483,31.41592653589793,1.0,1.0,3.5449077018110318
ID104476,104476,1626,7.511409759521484,623.7854032989919,712.2259781361823,0.0,284.0,284,5.0,1,,68.17525773195877,58.0,30.0,225.0,6613.0,31.815552508848548,0.3078732496069445,1.0088430654811589,0.0,0.0,5.0,5.0,0.0,1.0,78.53981633974483,31.41592653589793,1.0,1.0,3.5449077018110318
ID104478,104478,1627,8.322196960449219,643.3277970842572,722.1320789521437,0.0,284.0,284,5.0,1,,73.42268041237114,68.0,37.0,120.0,7122.0,21.677001566342526,0.35994810141598915,1.7929929166709577,0.0,0.0,5.0,5.0,0.0,1.0,78.53981633974483,31.41592653589793,1.0,1.0,3.5449077018110318
ID104169,104169,1626,7.078681945800781,630.0269372611996,715.1636653320663,0.0,285.0,285,5.0,1,,73.61855670103093,61.0,27.0,207.0,7141.0,34.31485444228475,0.22359837231880636,0.7840881324185883,0.0,0.0,5.0,5.0,0.0,1.0,78.53981633974483,31.41592653589793,1.0,1.0,3.5449077018110318
ID104170,104170,1627,7.52081298828125,640.7952467946195,718.9716904457558,0.0,285.0,285,5.0,1,,76.21649484536083,74.0,41.0,123.0,7393.0,20.576699405377042,0.30176580194319685,1.7172772529884741,0.0,0.0,5.0,5.0,0.0,1.0,78.53981633974483,31.41592653589793,1.0,1.0,3.5449077018110318
ID104586,104586,1626,10.311637878417969,632.7188054725914,714.7401885694075,0.0,286.0,286,5.0,1,,104.30927835051547,96.0,47.0,239.0,10118.0,40.23715137177909,0.31791534427536194,1.250690021733134,0.0,0.0,5.0,5.0,0.0,1.0,78.53981633974483,31.41592653589793,1.0,1.0,3.5449077018110318
ID104273,104273,1626,12.42706298828125,630.4072443329712,711.6864001252039,0.0,287.0,287,5.0,1,,109.14432989690722,106.0,56.0,208.0,10587.0,34.35900830772091,0.34203041202650747,1.6191717574850666,0.0,0.0,5.0,5.0,0.0,1.0,78.53981633974483,31.41592653589793,1.0,1.0,3.5449077018110318
ID104700,104700,1626,11.075439453125,629.197070548269,707.6289231280479,0.0,288.0,288,5.0,1,,99.78350515463917,99.0,38.0,233.0,9679.0,33.17008780642449,0.3526894118058103,1.5686875916126202,0.0,0.0,5.0,5.0,0.0,1.0,78.53981633974483,31.41592653589793,1.0,1.0,3.5449077018110318
ID104797,104797,1626,13.064796447753906,628.6623605921646,705.7220916121562,0.0,289.0,289,5.0,1,,107.25773195876289,101.0,47.0,242.0,10404.0,39.79197949716004,0.3795182794315732,1.4830927084072802,0.0,0.0,5.0,5.0,0.0,1.0,78.53981633974483,31.41592653589793,1.0,1.0,3.5449077018110318
ID105307,105307,1626,7.832984924316406,624.2337079528833,703.5969111769122,0.0,290.0,290,5.0,1,,81.52577319587628,80.0,41.0,127.0,7908.0,21.308787694040472,0.30910532942992125,1.8067500763386266,0.0,0.0,5.0,5.0,0.0,1.0,78.53981633974483,31.41592653589793,1.0,1.0,3.5449077018110318
ID104893,104893,1626,8.12332534790039,621.455960981434,700.9524331516582,0.0,291.0,291,5.0,1,,73.0,71.0,33.0,124.0,7081.0,21.697734136694244,0.34840443862430215,1.7386092187947852,0.0,0.0,5.0,5.0,0.0,1.0,78.53981633974483,31.41592653589793,1.0,1.0,3.5449077018110318
ID105333,105333,1626,7.7461700439453125,616.5224539229049,695.9355500937503,0.0,292.0,292,5.0,1,,73.15463917525773,68.0,35.0,125.0,7096.0,21.545658981850597,0.3273179039057484,1.6745838379777005,0.0,0.0,5.0,5.0,0.0,1.0,78.53981633974483,31.41592653589793,1.0,1.0,3.5449077018110318
ID105000,105000,1626,7.786643981933594,611.7064619607594,691.5183610602621,0.0,293.0,293,5.0,1,,70.41237113402062,62.0,42.0,132.0,6830.0,22.173441591856946,0.325571551527173,1.5598726126958615,0.0,0.0,5.0,5.0,0.0,1.0,78.53981633974483,31.41592653589793,1.0,1.0,3.5449077018110318
ID105102,105102,1626,7.278705596923828,606.3509127845425,688.7682171742856,0.0,294.0,294,5.0,1,,68.1340206185567,63.0,30.0,111.0,6609.0,20.866953971321188,0.33699232359342934,1.6459856686762138,0.0,0.0,5.0,5.0,0.0,1.0,78.53981633974483,31.41592653589793,1.0,1.0,3.5449077018110318
ID105283,105283,1626,7.949913024902344,601.7019314903893,684.4076426784756,0.0,295.0,295,5.0,1,,68.58762886597938,68.0,27.0,127.0,6653.0,22.832155950781882,0.3572941264237092,1.581542146239777,0.0,0.0,5.0,5.0,0.0,1.0,78.53981633974483,31.41592653589793,1.0,1.0,3.5449077018110318
ID105629,105629,1626,7.7518157958984375,597.884300399941,683.4664738260582,0.0,296.0,296,5.0,1,,67.26804123711341,62.0,33.0,127.0,6525.0,22.039980463503476,0.37084237782005736,1.651313029474885,0.0,0.0,5.0,5.0,0.0,1.0,78.53981633974483,31.41592653589793,1.0,1.0,3.5449077018110318
ID105524,105524,1626,8.327091217041016,591.6810621707191,678.4531087368339,0.0,297.0,297,5.0,1,,70.3298969072165,66.0,32.0,120.0,6822.0,22.630511137936352,0.36694568130424987,1.6684997150387666,0.0,0.0,5.0,5.0,0.0,1.0,78.53981633974483,31.41592653589793,1.0,1.0,3.5449077018110318
ID105727,105727,1626,7.962471008300781,588.851405414921,675.309177985918,0.0,298.0,298,5.0,1,,67.6082474226804,60.0,32.0,116.0,6558.0,21.39487706449399,0.3582970357020307,1.667125677221614,0.0,0.0,5.0,5.0,0.0,1.0,78.53981633974483,31.41592653589793,1.0,1.0,3.5449077018110318
ID105831,105831,1626,7.998386383056641,584.5290475510319,673.0211066439715,0.0,299.0,299,5.0,1,,70.94845360824742,65.0,40.0,120.0,6882.0,21.473516214756945,0.3339924786552278,1.654447807331528,0.0,0.0,5.0,5.0,0.0,1.0,78.53981633974483,31.41592653589793,1.0,1.0,3.5449077018110318
